trait,trait_label,fold,test_island_code,test_island,test_size,n_train,pearson_r,mean_inner_r,outer_minus_inner_r,alpha,log10_alpha,n_pcs,num_snps,weighting_method,weighting_label,clip_max,prob_clip,n_components,n_components_used,logistic_c,rho,pca_fit,effective_sample_size,pre_shrink_effective_sample_size,ess_ratio,pre_shrink_ess_ratio,inner_validation_top_k_requested,inner_validation_top_k_used,inner_validation_n_samples,top_inner_avg_grm,source_file
body_mass,Body mass,1,0,Nesøy,119,5578,0.2255398816872154,0.21584702075332501,0.00969286093389038,130349.87513185048,5.1151106194738585,5000,5000,pc_logistic,PC logistic,2.5,0.0005885498309166748,80,80,5.778120670702597,0.3,combined,4579.488404624467,857.7502794214214,0.8209911087530418,0.15377380412718203,10,10,3326,0.006709758384866434,C:\Users\Simen\OneDrive - NTNU\FYSMAT\INDMAT\MASTER\Master_thesis\outputs\final_results\e6_pc_ridge_importance\body_mass\e6_pc_ridge_importance_body_mass_results.json
body_mass,Body mass,2,1,Myken,92,5605,0.34243354307439344,0.2024926827289412,0.13994086034545225,155358.01976288707,5.191333676959322,2500,2500,pc_logistic,PC logistic,4.0,0.006288493703925092,40,40,3.3593295600992064,0.5,combined,4057.9925533137166,2208.413607894204,0.7239951031781832,0.39400778017737803,10,10,3353,0.021172577363718248,C:\Users\Simen\OneDrive - NTNU\FYSMAT\INDMAT\MASTER\Master_thesis\outputs\final_results\e6_pc_ridge_importance\body_mass\e6_pc_ridge_importance_body_mass_results.json
body_mass,Body mass,3,2,Træna,292,5405,0.16642043155355246,0.2157379787167554,-0.04931754716320294,190233.868109701,5.279287838698925,2000,2000,pc_logistic,PC logistic,1.5,0.0018515251405050099,40,40,9.755277994574085,0.7,combined,3993.7366916531296,1654.1697233292125,0.7388967052087196,0.306044352142315,10,10,3377,0.01955742013566733,C:\Users\Simen\OneDrive - NTNU\FYSMAT\INDMAT\MASTER\Master_thesis\outputs\final_results\e6_pc_ridge_importance\body_mass\e6_pc_ridge_importance_body_mass_results.json
body_mass,Body mass,4,3,Selvær,194,5503,0.20411379880912636,0.21144450193012232,-0.007330703120995957,155796.8731303772,5.192558737060229,2000,2000,pc_logistic,PC logistic,1.5,0.023858594392419226,20,20,5.738938818209866,0.85,combined,5192.316956368896,4157.07781879722,0.9435429686296377,0.7554202832631692,10,10,3475,0.021172577363718248,C:\Users\Simen\OneDrive - NTNU\FYSMAT\INDMAT\MASTER\Master_thesis\outputs\final_results\e6_pc_ridge_importance\body_mass\e6_pc_ridge_importance_body_mass_results.json
body_mass,Body mass,5,4,Gjerøy,558,5139,0.10593674894023974,0.2217747119871622,-0.11583796304692245,153147.19753546143,5.185109053992603,2500,2500,uniform,Uniform,,,0,0,,,,5139.0,,1.0,,10,10,2887,0.004662839239021407,C:\Users\Simen\OneDrive - NTNU\FYSMAT\INDMAT\MASTER\Master_thesis\outputs\final_results\e6_pc_ridge_importance\body_mass\e6_pc_ridge_importance_body_mass_results.json
body_mass,Body mass,6,5,Hestmannøy,1078,4619,0.13015868444242532,0.20147245930115232,-0.071313774858727,31330.575421778933,4.495968371268825,1000,1000,pc_logistic,PC logistic,2.5,0.002413652850452136,60,60,9.546984241932531,0.7,combined,2511.5888689818767,648.7885597324955,0.5437516494873083,0.1404608269609213,10,10,2367,0.004662839239021405,C:\Users\Simen\OneDrive - NTNU\FYSMAT\INDMAT\MASTER\Master_thesis\outputs\final_results\e6_pc_ridge_importance\body_mass\e6_pc_ridge_importance_body_mass_results.json
body_mass,Body mass,7,6,Indre Kvarøy,356,5341,0.2659684487101938,0.2055410540899099,0.0604273946202839,132662.9303954414,5.122749586212124,2500,2500,pc_logistic,PC logistic,2.5,0.02711026591338211,20,20,0.0021071490897959706,0.5,combined,4635.46629559784,2686.5242243918897,0.8679023208383898,0.5030002292439412,10,10,3089,0.004430847037161113,C:\Users\Simen\OneDrive - NTNU\FYSMAT\INDMAT\MASTER\Master_thesis\outputs\final_results\e6_pc_ridge_importance\body_mass\e6_pc_ridge_importance_body_mass_results.json
body_mass,Body mass,8,7,Onøy og Lurøy,259,5438,-0.01131893472189206,0.26386245985314344,-0.2751813945750355,78067.43878761436,4.892469931399372,2500,2500,pc_logistic,PC logistic,7.0,0.030738415823054244,60,60,1.0192231669382596e-05,0.7,combined,4991.663686787353,4598.800208873301,0.9179227081256626,0.8456785967034389,10,10,3186,0.009088772220621457,C:\Users\Simen\OneDrive - NTNU\FYSMAT\INDMAT\MASTER\Master_thesis\outputs\final_results\e6_pc_ridge_importance\body_mass\e6_pc_ridge_importance_body_mass_results.json
body_mass,Body mass,9,8,Lovund,158,5539,0.38257974890890206,0.18387938865325335,0.19870036025564872,197217.47452262236,5.294945393123052,2500,2500,pc_logistic,PC logistic,1.5,0.01570304491695813,40,40,0.008108977189452549,1.0,combined,4133.668181022556,4133.668181022556,0.7462841994985658,0.7462841994985658,10,10,3511,0.02253442554417144,C:\Users\Simen\OneDrive - NTNU\FYSMAT\INDMAT\MASTER\Master_thesis\outputs\final_results\e6_pc_ridge_importance\body_mass\e6_pc_ridge_importance_body_mass_results.json
body_mass,Body mass,10,9,Sleneset,166,5531,0.1440582211293761,0.21432247895550827,-0.07026425782613216,333059.3869635244,5.5225216783442095,2000,2000,pc_logistic,PC logistic,7.0,0.03909362380662789,100,100,0.0003106175112433867,0.5,combined,4470.778906484574,2838.479557283301,0.8083129463902683,0.5131946406225458,10,10,3503,0.022534425544171444,C:\Users\Simen\OneDrive - NTNU\FYSMAT\INDMAT\MASTER\Master_thesis\outputs\final_results\e6_pc_ridge_importance\body_mass\e6_pc_ridge_importance_body_mass_results.json
body_mass,Body mass,11,10,Aldra,173,5524,0.22114434587602919,0.21580827344780312,0.005336072428226063,143639.18827026585,5.157272942188229,2500,2500,pc_logistic,PC logistic,1.5,0.032952037338143385,10,10,7.142039595968121,1.0,combined,5499.842346467095,5499.842346467095,0.9956267824886125,0.9956267824886125,10,10,3377,0.0010978945658157585,C:\Users\Simen\OneDrive - NTNU\FYSMAT\INDMAT\MASTER\Master_thesis\outputs\final_results\e6_pc_ridge_importance\body_mass\e6_pc_ridge_importance_body_mass_results.json
body_mass,Body mass,12,11,Leka,583,5114,0.1626313133212908,0.20472535804623906,-0.042094044724948265,1146333.673916561,6.0593110501341,2500,2500,pc_logistic,PC logistic,7.0,0.03403513572373829,20,20,3.022577433508623e-05,1.0,combined,3062.960403016912,3062.960403016912,0.598936332228571,0.598936332228571,10,10,3030,0.011693038304965452,C:\Users\Simen\OneDrive - NTNU\FYSMAT\INDMAT\MASTER\Master_thesis\outputs\final_results\e6_pc_ridge_importance\body_mass\e6_pc_ridge_importance_body_mass_results.json
body_mass,Body mass,13,12,Vega,397,5300,0.1599433589670719,0.214945663212462,-0.0550023042453901,2665647.1455956018,6.425802660883263,2500,2500,pc_logistic,PC logistic,7.0,0.03925710104131283,60,60,1.1859960788524083e-05,1.0,combined,4029.0178200190812,4029.0178200190812,0.7601920415130342,0.7601920415130342,10,10,3135,0.0006855971271691338,C:\Users\Simen\OneDrive - NTNU\FYSMAT\INDMAT\MASTER\Master_thesis\outputs\final_results\e6_pc_ridge_importance\body_mass\e6_pc_ridge_importance_body_mass_results.json
body_mass,Body mass,14,13,Vikna,584,5113,0.1619702325857697,0.20426181269445323,-0.04229158010868353,721206.9633092711,5.858059911217576,2000,2000,pc_logistic,PC logistic,7.0,0.03515027544399401,60,60,1.257617349771092e-05,0.7,combined,3832.855622304453,3040.525876869211,0.7496294978103761,0.5946657298785861,10,10,2948,0.011693038304965448,C:\Users\Simen\OneDrive - NTNU\FYSMAT\INDMAT\MASTER\Master_thesis\outputs\final_results\e6_pc_ridge_importance\body_mass\e6_pc_ridge_importance_body_mass_results.json
body_mass,Body mass,15,14,Lauvøya,688,5009,0.14244975552742642,0.20120613172263085,-0.058756376195204435,229450.40963338825,5.360688837368928,2500,2500,pc_logistic,PC logistic,1.5,0.0005229723677147956,20,20,6.532076313043513,0.85,combined,2804.0260690023397,962.3690591060354,0.5597975781597804,0.19212798145458881,10,10,2844,0.0105060362817128,C:\Users\Simen\OneDrive - NTNU\FYSMAT\INDMAT\MASTER\Master_thesis\outputs\final_results\e6_pc_ridge_importance\body_mass\e6_pc_ridge_importance_body_mass_results.json
thr_tarsus,Tarsus length,1,0,Nesøy,117,5533,0.2589895286397835,0.2916565645264209,-0.03266703588663744,76210.0509604897,4.8820122520328,5000,5000,pc_logistic,PC logistic,4.0,0.009162389499336692,20,20,0.21734254316540716,0.3,combined,4902.849270096153,2278.7525905936054,0.886110477154555,0.4118475674306173,10,10,3283,0.006603586947006324,C:\Users\Simen\OneDrive - NTNU\FYSMAT\INDMAT\MASTER\Master_thesis\outputs\final_results\e6_pc_ridge_importance\thr_tarsus\e6_pc_ridge_importance_thr_tarsus_results.json
thr_tarsus,Tarsus length,2,1,Myken,92,5558,0.3453684729229254,0.2820658669812134,0.063302605941712,280577.27255684766,5.448052489205166,4000,4000,pc_logistic,PC logistic,12.0,0.04533385144551228,80,80,6.386554865125742e-06,1.0,combined,5558.0,5558.0,1.0,1.0,10,10,3308,0.021172577363718248,C:\Users\Simen\OneDrive - NTNU\FYSMAT\INDMAT\MASTER\Master_thesis\outputs\final_results\e6_pc_ridge_importance\thr_tarsus\e6_pc_ridge_importance_thr_tarsus_results.json
thr_tarsus,Tarsus length,3,2,Træna,286,5364,0.23440788525519252,0.29224723601531954,-0.05783935076012703,167545.1168710032,5.224131774774205,3000,3000,pc_logistic,PC logistic,2.5,0.018385623798592467,60,60,0.14343918483476878,0.3,combined,4716.316776266626,2123.6258036640124,0.8792536868506015,0.3959033936733804,10,10,3337,0.019652195413326554,C:\Users\Simen\OneDrive - NTNU\FYSMAT\INDMAT\MASTER\Master_thesis\outputs\final_results\e6_pc_ridge_importance\thr_tarsus\e6_pc_ridge_importance_thr_tarsus_results.json
thr_tarsus,Tarsus length,4,3,Selvær,194,5456,0.29839265580193924,0.27742972863481613,0.020962927167123113,270464.8244230915,5.432110790506136,3000,3000,pc_logistic,PC logistic,4.0,0.03921936664121013,60,60,6.402836117487112e-06,0.85,combined,5356.895731380199,5319.781800502107,0.9818357278922653,0.975033321206398,10,10,3429,0.021172577363718248,C:\Users\Simen\OneDrive - NTNU\FYSMAT\INDMAT\MASTER\Master_thesis\outputs\final_results\e6_pc_ridge_importance\thr_tarsus\e6_pc_ridge_importance_thr_tarsus_results.json
thr_tarsus,Tarsus length,5,4,Gjerøy,555,5095,0.22350842902519197,0.29433763694773246,-0.0708292079225405,154180.02919870685,5.188028123582039,1000,1000,pc_logistic,PC logistic,4.0,0.011966569900649354,40,40,0.053451751790515104,0.7,combined,2840.007330366563,783.8232718103767,0.5574106634674314,0.15384166276945568,10,10,2845,0.0046752792633685866,C:\Users\Simen\OneDrive - NTNU\FYSMAT\INDMAT\MASTER\Master_thesis\outputs\final_results\e6_pc_ridge_importance\thr_tarsus\e6_pc_ridge_importance_thr_tarsus_results.json
thr_tarsus,Tarsus length,6,5,Hestmannøy,1063,4587,0.2324243302555831,0.2763152141403451,-0.043890883884762005,146542.55724796277,5.165963765945915,3000,3000,pc_logistic,PC logistic,1.5,0.00778103742896959,100,100,0.003177629432430359,0.7,combined,3319.640165416819,1135.3310212206134,0.723706162070377,0.24751057798574522,10,10,2337,0.004675279263368585,C:\Users\Simen\OneDrive - NTNU\FYSMAT\INDMAT\MASTER\Master_thesis\outputs\final_results\e6_pc_ridge_importance\thr_tarsus\e6_pc_ridge_importance_thr_tarsus_results.json
thr_tarsus,Tarsus length,7,6,Indre Kvarøy,348,5302,0.3993565662272506,0.2787828578345498,0.12057370839270076,102963.81799368463,5.012684638236329,5000,5000,pc_logistic,PC logistic,7.0,0.04880619478183517,10,10,2.6952770143174326e-05,1.0,combined,3473.7378728531744,3473.7378728531744,0.6551750043102932,0.6551750043102932,10,10,3052,0.004343204854231577,C:\Users\Simen\OneDrive - NTNU\FYSMAT\INDMAT\MASTER\Master_thesis\outputs\final_results\e6_pc_ridge_importance\thr_tarsus\e6_pc_ridge_importance_thr_tarsus_results.json
thr_tarsus,Tarsus length,8,7,Onøy og Lurøy,257,5393,0.22090646008743683,0.3199187670652047,-0.09901230697776789,69401.92766583264,4.841371533322398,5000,5000,pc_logistic,PC logistic,4.0,0.003994033345040329,40,40,5.505854160191908,0.3,combined,4226.754047030577,710.6769062714965,0.7837482008215422,0.13177765738392294,10,10,3143,0.009144271519545595,C:\Users\Simen\OneDrive - NTNU\FYSMAT\INDMAT\MASTER\Master_thesis\outputs\final_results\e6_pc_ridge_importance\thr_tarsus\e6_pc_ridge_importance_thr_tarsus_results.json
thr_tarsus,Tarsus length,9,8,Lovund,152,5498,0.39390337676758713,0.27137529752595996,0.12252807924162717,223291.6885066247,5.348872557809958,1000,1000,pc_logistic,PC logistic,7.0,0.049527228265069674,10,10,0.00011942611488835688,0.5,combined,5056.0096950670295,4073.5726530126476,0.9196088932460948,0.7409189983653415,10,10,3471,0.021955154951598516,C:\Users\Simen\OneDrive - NTNU\FYSMAT\INDMAT\MASTER\Master_thesis\outputs\final_results\e6_pc_ridge_importance\thr_tarsus\e6_pc_ridge_importance_thr_tarsus_results.json
thr_tarsus,Tarsus length,10,9,Sleneset,163,5487,0.2735376218714118,0.2999094685704829,-0.02637184669907111,96815.03771776725,4.985942818988404,5000,5000,pc_logistic,PC logistic,7.0,0.03677644790573778,10,10,2.2927762335042683e-05,0.7,combined,4752.767815318993,4171.748380528357,0.8661869537669022,0.7602967706448619,10,10,3460,0.02195515495159852,C:\Users\Simen\OneDrive - NTNU\FYSMAT\INDMAT\MASTER\Master_thesis\outputs\final_results\e6_pc_ridge_importance\thr_tarsus\e6_pc_ridge_importance_thr_tarsus_results.json
thr_tarsus,Tarsus length,11,10,Aldra,173,5477,0.2075158684642544,0.2954355284152209,-0.08791965995096651,153954.2917408332,5.187391800114059,3000,3000,pc_logistic,PC logistic,7.0,0.03974193864316837,60,60,1.048864756106958e-05,1.0,combined,5464.387327523428,5464.387327523428,0.9976971567506716,0.9976971567506716,10,10,3337,0.00110744931795462,C:\Users\Simen\OneDrive - NTNU\FYSMAT\INDMAT\MASTER\Master_thesis\outputs\final_results\e6_pc_ridge_importance\thr_tarsus\e6_pc_ridge_importance_thr_tarsus_results.json
thr_tarsus,Tarsus length,12,11,Leka,583,5067,0.24658221114614445,0.24362631662666626,0.002955894519478197,119182.05933404806,5.076210885281474,2500,2500,pc_logistic,PC logistic,7.0,0.0024320011935490787,40,40,0.17805433465897466,0.3,combined,3244.202814953091,238.6354239472635,0.6402610647233257,0.047095998410748664,10,10,3009,0.011677912618427669,C:\Users\Simen\OneDrive - NTNU\FYSMAT\INDMAT\MASTER\Master_thesis\outputs\final_results\e6_pc_ridge_importance\thr_tarsus\e6_pc_ridge_importance_thr_tarsus_results.json
thr_tarsus,Tarsus length,13,12,Vega,396,5254,0.16096439221314107,0.26980561991510776,-0.10884122770196669,292760.38669930206,5.466512312134397,5000,5000,pc_logistic,PC logistic,4.0,0.03199895162903667,100,100,0.00196680425012868,0.3,combined,5070.222965246096,3745.5342716844657,0.9650215008081644,0.7128919436019158,10,10,3115,0.0006882771963559604,C:\Users\Simen\OneDrive - NTNU\FYSMAT\INDMAT\MASTER\Master_thesis\outputs\final_results\e6_pc_ridge_importance\thr_tarsus\e6_pc_ridge_importance_thr_tarsus_results.json
thr_tarsus,Tarsus length,14,13,Vikna,583,5067,0.16041209657168803,0.2756293326040407,-0.11521723603235268,189345.54369454496,5.277255088323266,3000,3000,pc_logistic,PC logistic,4.0,0.012660515805333738,40,40,2.199808021291629,0.3,combined,4305.2273325853075,413.2051159026089,0.8496600222193226,0.08154827627839134,10,10,2928,0.011677912618427669,C:\Users\Simen\OneDrive - NTNU\FYSMAT\INDMAT\MASTER\Master_thesis\outputs\final_results\e6_pc_ridge_importance\thr_tarsus\e6_pc_ridge_importance_thr_tarsus_results.json
thr_tarsus,Tarsus length,15,14,Lauvøya,688,4962,0.17487870224983312,0.251819684542681,-0.07694098229284788,113350.71377261696,5.054424259235653,5000,5000,pc_logistic,PC logistic,4.0,0.005305884007221519,60,60,0.10647828317532787,0.3,combined,4003.273130901362,1325.1492675844704,0.8067862013102302,0.2670595057606752,10,10,2823,0.010510304963582934,C:\Users\Simen\OneDrive - NTNU\FYSMAT\INDMAT\MASTER\Master_thesis\outputs\final_results\e6_pc_ridge_importance\thr_tarsus\e6_pc_ridge_importance_thr_tarsus_results.json
thr_wing,Wing length,1,0,Nesøy,118,5515,0.15800297515255332,0.2556677849525829,-0.09766480980002959,64568.82811537051,4.8100229042988785,5000,5000,pc_logistic,PC logistic,4.0,0.015007793630698575,100,100,0.00010328407742819704,0.85,combined,4847.664904016766,4560.5937201258575,0.8789963561227137,0.8269435575930839,10,10,3266,0.006598441581212969,C:\Users\Simen\OneDrive - NTNU\FYSMAT\INDMAT\MASTER\Master_thesis\outputs\final_results\e6_pc_ridge_importance\thr_wing\e6_pc_ridge_importance_thr_wing_results.json
thr_wing,Wing length,2,1,Myken,92,5541,0.22232607234158716,0.2459895054916043,-0.02366343315001715,165549.90272216007,5.218928929894844,4000,4000,pc_logistic,PC logistic,2.5,0.030066526495146118,60,60,2.2833230084613132e-05,1.0,combined,5381.9828523700535,5381.9828523700535,0.9713017239433411,0.9713017239433411,10,10,3292,0.021240654531168274,C:\Users\Simen\OneDrive - NTNU\FYSMAT\INDMAT\MASTER\Master_thesis\outputs\final_results\e6_pc_ridge_importance\thr_wing\e6_pc_ridge_importance_thr_wing_results.json
thr_wing,Wing length,3,2,Træna,286,5347,0.26182159049036946,0.20933291711767107,0.052488673372698386,163632.53399865946,5.213869655884062,2000,2000,pc_logistic,PC logistic,2.5,0.011929070954467701,20,20,9.379143363320458e-06,1.0,combined,4601.969951790349,4601.969951790349,0.8606639146793247,0.8606639146793247,10,10,3322,0.019410508141042157,C:\Users\Simen\OneDrive - NTNU\FYSMAT\INDMAT\MASTER\Master_thesis\outputs\final_results\e6_pc_ridge_importance\thr_wing\e6_pc_ridge_importance_thr_wing_results.json
thr_wing,Wing length,4,3,Selvær,191,5442,0.38651569378607137,0.20098544878699612,0.18553024499907525,83037.81169697603,4.9192758956531,4500,4500,pc_logistic,PC logistic,4.0,0.029792292844399278,100,100,1.4363231502049721e-05,1.0,combined,4429.79496980428,4429.79496980428,0.8140012807431607,0.8140012807431607,10,10,3417,0.021240654531168274,C:\Users\Simen\OneDrive - NTNU\FYSMAT\INDMAT\MASTER\Master_thesis\outputs\final_results\e6_pc_ridge_importance\thr_wing\e6_pc_ridge_importance_thr_wing_results.json
thr_wing,Wing length,5,4,Gjerøy,553,5080,0.07329882528546464,0.2587260526062522,-0.18542722732078756,52108.610536557535,4.716909492964285,4500,4500,pc_logistic,PC logistic,7.0,0.023318583467654568,20,20,3.256194798869524e-05,0.85,combined,3069.1334900686875,2664.0965567662784,0.6041601358402928,0.524428456056354,10,10,2831,0.004707559172177233,C:\Users\Simen\OneDrive - NTNU\FYSMAT\INDMAT\MASTER\Master_thesis\outputs\final_results\e6_pc_ridge_importance\thr_wing\e6_pc_ridge_importance_thr_wing_results.json
thr_wing,Wing length,6,5,Hestmannøy,1055,4578,0.15980353466108588,0.23705194687121506,-0.07724841221012918,57060.76418723017,4.756337583656053,4000,4000,pc_logistic,PC logistic,1.5,0.015959449343063432,80,80,0.34561732481429136,0.85,combined,3144.407412334888,1311.4790033173147,0.6868517720259694,0.28647422527682714,10,10,2329,0.004707559172177233,C:\Users\Simen\OneDrive - NTNU\FYSMAT\INDMAT\MASTER\Master_thesis\outputs\final_results\e6_pc_ridge_importance\thr_wing\e6_pc_ridge_importance_thr_wing_results.json
thr_wing,Wing length,7,6,Indre Kvarøy,349,5284,0.3769360155002578,0.23067241221891616,0.14626360328134164,70416.38332517771,4.847673715391165,4000,4000,pc_logistic,PC logistic,4.0,0.019641938167716005,60,60,2.198793509155266e-05,1.0,combined,3665.2420013189235,3665.2420013189235,0.6936491296969953,0.6936491296969953,10,10,3035,0.004303449371327566,C:\Users\Simen\OneDrive - NTNU\FYSMAT\INDMAT\MASTER\Master_thesis\outputs\final_results\e6_pc_ridge_importance\thr_wing\e6_pc_ridge_importance_thr_wing_results.json
thr_wing,Wing length,8,7,Onøy og Lurøy,256,5377,0.39694871574090373,0.22642856853149448,0.17052014720940925,49972.20562664418,4.698728518350754,4000,4000,pc_logistic,PC logistic,2.5,0.030547622362027477,100,100,3.466926883251038e-05,0.85,combined,4924.440845359282,4759.91501028161,0.9158342654564409,0.8852361930968217,10,10,3128,0.009155116992441415,C:\Users\Simen\OneDrive - NTNU\FYSMAT\INDMAT\MASTER\Master_thesis\outputs\final_results\e6_pc_ridge_importance\thr_wing\e6_pc_ridge_importance_thr_wing_results.json
thr_wing,Wing length,9,8,Lovund,151,5482,0.1681327232778606,0.23317321415284004,-0.06504049087497943,45332.57041526585,4.656410344814638,5000,5000,pc_logistic,PC logistic,4.0,0.00904812465025861,100,100,0.3695128691579902,0.85,combined,2710.5958296940134,1881.6965855798524,0.4944538178938368,0.3432500156110639,10,10,3457,0.02187477725733186,C:\Users\Simen\OneDrive - NTNU\FYSMAT\INDMAT\MASTER\Master_thesis\outputs\final_results\e6_pc_ridge_importance\thr_wing\e6_pc_ridge_importance_thr_wing_results.json
thr_wing,Wing length,10,9,Sleneset,160,5473,0.1817197380738747,0.23988083423264853,-0.05816109615877382,116343.10328315271,5.065740643790821,4500,4500,pc_logistic,PC logistic,4.0,0.005045034302141166,100,100,4.703436849380676,0.7,combined,3009.28988930174,1165.9814623008879,0.5498428447472574,0.2130424743834986,10,10,3448,0.021874777257331855,C:\Users\Simen\OneDrive - NTNU\FYSMAT\INDMAT\MASTER\Master_thesis\outputs\final_results\e6_pc_ridge_importance\thr_wing\e6_pc_ridge_importance_thr_wing_results.json
thr_wing,Wing length,11,10,Aldra,173,5460,0.16255438462723626,0.22974752208012972,-0.06719313745289346,81051.20194254434,4.908759459568792,3000,3000,pc_logistic,PC logistic,2.5,0.02892075260886514,60,60,2.128437985667416e-05,1.0,combined,5439.517138689012,5439.517138689012,0.9962485601994528,0.9962485601994528,10,10,3322,0.001108110962403731,C:\Users\Simen\OneDrive - NTNU\FYSMAT\INDMAT\MASTER\Master_thesis\outputs\final_results\e6_pc_ridge_importance\thr_wing\e6_pc_ridge_importance_thr_wing_results.json
thr_wing,Wing length,12,11,Leka,581,5052,0.17243424885319902,0.20448716472490086,-0.03205291587170184,42791.328095511024,4.631355765698728,4000,4000,pc_logistic,PC logistic,1.5,0.02299739741243622,100,100,0.00044358271494490995,1.0,combined,3603.180956582079,3603.180956582079,0.7132187166631193,0.7132187166631193,10,10,3003,0.011708655010983166,C:\Users\Simen\OneDrive - NTNU\FYSMAT\INDMAT\MASTER\Master_thesis\outputs\final_results\e6_pc_ridge_importance\thr_wing\e6_pc_ridge_importance_thr_wing_results.json
thr_wing,Wing length,13,12,Vega,397,5236,0.07409557784289285,0.2344230948932952,-0.16032751705040232,42138.53666718781,4.624679449914699,4500,4500,pc_logistic,PC logistic,4.0,0.021812907780410812,100,100,1.5464100947951371,0.85,combined,4474.733045766138,2961.353022224469,0.854609061452662,0.5655754435111667,10,10,3106,0.0006855971271691338,C:\Users\Simen\OneDrive - NTNU\FYSMAT\INDMAT\MASTER\Master_thesis\outputs\final_results\e6_pc_ridge_importance\thr_wing\e6_pc_ridge_importance_thr_wing_results.json
thr_wing,Wing length,14,13,Vikna,583,5050,0.11591745157650016,0.22344664492111216,-0.107529193344612,30697.064045510924,4.487096840304307,4500,4500,pc_logistic,PC logistic,4.0,0.02602103668017218,100,100,0.0016669176276576405,0.7,combined,4267.131432976433,2139.590907002484,0.8449765213814718,0.42368136772326415,10,10,2920,0.01170865501098316,C:\Users\Simen\OneDrive - NTNU\FYSMAT\INDMAT\MASTER\Master_thesis\outputs\final_results\e6_pc_ridge_importance\thr_wing\e6_pc_ridge_importance_thr_wing_results.json
thr_wing,Wing length,15,14,Lauvøya,688,4945,0.09791061989944154,0.22414295930812958,-0.12623233940868805,63504.4220053902,4.802803967586068,4000,4000,pc_logistic,PC logistic,4.0,0.0006610895667028837,100,100,0.5805917883505638,0.3,combined,3507.4138382114243,433.97884931468445,0.7092849015594387,0.08776114242966318,10,10,2815,0.010502109546836051,C:\Users\Simen\OneDrive - NTNU\FYSMAT\INDMAT\MASTER\Master_thesis\outputs\final_results\e6_pc_ridge_importance\thr_wing\e6_pc_ridge_importance_thr_wing_results.json
