trait,target_island,method,n_individuals,corr_mean,corr_std,mse_mean,n_rows
body_mass,2,pevmean_ga,2000,0.0856412279115145,,1.245081663131714,1
body_mass,2,pevmean_ga,3000,0.1570536542022591,,1.2266722917556765,1
body_mass,6,pevmean_ga,3500,0.2644327276366346,,1.4789284467697144,1
body_mass,10,pevmean_ga,500,0.226694550194027,,1.4043519496917725,1
body_mass,10,pevmean_ga,1500,0.0842193860754127,,1.4259554147720337,1
body_mass,14,pevmean_ga,3000,0.1170906175060374,,0.9686384201049804,1
body_mass,14,pevmean_ga,4500,0.0876501281485062,,0.9855520129203796,1
body_mass,14,pevmean_ga,5211,0.1088495381969824,,0.9787582755088806,1
body_mass,14,random_individual,5211,0.1088495381969824,,0.9787582755088806,1
