n_permutations,n_cal_samples,method,n_removed,corr_mean,corr_std,mse_mean,mse_std,n_rows
10,10,random_individual,0,0.2319843465274993,0.11977957096807818,0.9391757309436798,0.23720202079308966,50
10,10,random_individual,1,0.2283824536950613,0.1250225058390978,0.9393108654022216,0.2363525725163255,50
10,10,random_individual,2,0.2214868732013019,0.12605486573983787,0.9410796535015106,0.23815294868235895,50
10,10,random_individual,3,0.2200015763100334,0.12558857251579442,0.9408726918697358,0.23810606118696112,50
10,10,random_individual,4,0.21431225893762662,0.11963903074748251,0.9407989192008972,0.23757343311269744,50
10,10,random_individual,5,0.1983495090462362,0.12946665346560918,0.9442611372470856,0.23760919883175383,50
10,10,random_individual,6,0.18685893907695422,0.13360545436321103,0.9443356943130493,0.23626737417785598,50
10,10,random_individual,7,0.1762606340489107,0.13782906964516672,0.9475776851177216,0.23379952415486657,50
10,10,random_individual,8,0.16488796353219487,0.1444468226424915,0.9516239094734192,0.23922258629983828,50
10,10,random_individual,9,0.16604859798476135,0.1518643777268592,0.9532136380672455,0.23908655617499,50
10,10,random_individual,10,0.14779585022973624,0.1532664714272999,0.9573690712451934,0.24153940361838486,50
10,10,random_individual,11,0.13489585064737977,0.14024848634280998,0.9613737618923187,0.24298898906204114,50
10,10,random_individual,12,0.11684402343294091,0.1496649753005839,0.9647377276420593,0.24503343004804004,50
10,10,random_individual,13,0.10182643226663275,0.14064710284971554,0.970423264503479,0.25233170558758244,50
10,10,random_individual,14,0.0540868773092597,0.16892688529827554,0.9814883983135223,0.24857730503012354,50
10,10,shapley_mean,0,0.23198434652749933,0.12498978940017878,0.9391757309436798,0.24751992668371123,10
10,10,shapley_mean,1,0.23676972825041404,0.13135509557397834,0.9381632149219513,0.24563313883641605,10
10,10,shapley_mean,2,0.23057614207300228,0.1334758378767604,0.9374087631702424,0.24598608646274583,10
10,10,shapley_mean,3,0.23976996073267326,0.14266640246462559,0.9349366128444672,0.2476400505382484,10
10,10,shapley_mean,4,0.23640558292302022,0.1489498278466177,0.9323817908763885,0.2460066103280396,10
10,10,shapley_mean,5,0.23780526860954052,0.1442745602749744,0.9304729402065277,0.24934074137221354,10
10,10,shapley_mean,6,0.2067264364747987,0.16305535076374733,0.9383138179779053,0.2508445000542958,10
10,10,shapley_mean,7,0.21865559655533656,0.15370271477944036,0.9346009790897369,0.24213451687058457,10
10,10,shapley_mean,8,0.21715557771501484,0.12888579435905892,0.9346346855163574,0.24126239644152558,10
10,10,shapley_mean,9,0.23559548033217012,0.1535276542893986,0.9312864720821381,0.24264233324876433,10
10,10,shapley_mean,10,0.23514536037723305,0.13470158275130276,0.9330589234828949,0.2510901828700462,10
10,10,shapley_mean,11,0.238145408679478,0.1252299678574085,0.9325927019119262,0.24930551103382098,10
10,10,shapley_mean,12,0.23763231951748037,0.13060360724804895,0.9322399258613586,0.2521018255964834,10
10,10,shapley_mean,13,0.20723182506460242,0.16594360742858835,0.9483382880687714,0.25025520506498694,10
10,10,shapley_mean,14,0.1560046026042878,0.15085451424443372,0.9563107013702392,0.2554609176762098,10
10,20,random_individual,0,0.20380866947095794,0.1332660848078115,0.9281563729047775,0.29709341054957616,50
10,20,random_individual,1,0.19288831601479473,0.1334091261997899,0.9314361208677292,0.29506695897259483,50
10,20,random_individual,2,0.19000951003283778,0.1339934714732259,0.9323407781124115,0.2954566075308037,50
10,20,random_individual,3,0.18338757388459703,0.139687374208988,0.9308827620744705,0.2931655974255306,50
10,20,random_individual,4,0.1778410724655841,0.14804777141052342,0.9297935259342194,0.2897913889066304,50
10,20,random_individual,5,0.1743782691890309,0.15294462454745478,0.9300123751163483,0.28941756168110133,50
10,20,random_individual,6,0.15911299931632084,0.15290670887848543,0.933537312746048,0.2945824480285937,50
10,20,random_individual,7,0.1487248048844546,0.16190797738578097,0.9331151694059372,0.29628678763510563,50
10,20,random_individual,8,0.1322118581861039,0.1596531454266233,0.9358745175600052,0.3007586845385435,50
10,20,random_individual,9,0.12892053765933797,0.1496668931838494,0.9341315311193467,0.3016800368466328,50
10,20,random_individual,10,0.11754125567295015,0.15465621078812827,0.9378329420089722,0.3032085436541967,50
10,20,random_individual,11,0.09333678907744293,0.14182501281444831,0.9423935490846634,0.3138925393682435,50
10,20,random_individual,12,0.08953742144873404,0.14282842028663306,0.9428415811061859,0.3138995463300875,50
10,20,random_individual,13,0.07456115253501261,0.1547033430125913,0.9448050940036774,0.31065481094409847,50
10,20,random_individual,14,0.041430144912339185,0.1854923791432624,0.950309801697731,0.31617031664273254,50
10,20,shapley_mean,0,0.20380866947095794,0.13906294487190862,0.9281563729047775,0.310016495439516,10
10,20,shapley_mean,1,0.19623923062616608,0.1455897478406234,0.9330435127019883,0.31481349421688676,10
10,20,shapley_mean,2,0.1838238317164032,0.1498405262877015,0.9367985337972641,0.31692684904874324,10
10,20,shapley_mean,3,0.18372000458085475,0.13949029089127757,0.9364890873432159,0.32484017665881054,10
10,20,shapley_mean,4,0.19216558049414617,0.13718538658562504,0.9323753476142883,0.32027298958952394,10
10,20,shapley_mean,5,0.196783858073145,0.14378483516053867,0.9274292945861816,0.31820612742598015,10
10,20,shapley_mean,6,0.18977348407408653,0.16144689800776515,0.9271731197834014,0.31033686674300676,10
10,20,shapley_mean,7,0.18980327039609732,0.16322892009654355,0.9262906908988953,0.31569818005954875,10
10,20,shapley_mean,8,0.20980947711991846,0.15234813144340062,0.9191297680139542,0.3193209224471363,10
10,20,shapley_mean,9,0.19425437381197527,0.1429447315855625,0.9208049654960633,0.3268451541986129,10
10,20,shapley_mean,10,0.19288054197035504,0.15884589678510144,0.9212370067834854,0.3301640737106708,10
10,20,shapley_mean,11,0.18928902859357027,0.16225075409505513,0.9174342006444931,0.3179365729060735,10
10,20,shapley_mean,12,0.16366169539722558,0.1850640470672078,0.9237611263990402,0.31505161887477134,10
10,20,shapley_mean,13,0.13700106236084056,0.21855276401717136,0.9316516369581223,0.3135093900320414,10
10,20,shapley_mean,14,0.1363501266008958,0.21374006745007357,0.9357301592826843,0.31824598181929076,10
10,40,random_individual,0,0.1317338583376454,0.18926269416958988,0.9572111308574677,0.1875490619910952,50
10,40,random_individual,1,0.1210618505238588,0.1789398453540535,0.9609191513061524,0.18884545496544275,50
10,40,random_individual,2,0.12072160023678905,0.16874553248663873,0.95924870967865,0.18521227824085856,50
10,40,random_individual,3,0.11416440236734222,0.15819260380211328,0.9596899151802063,0.18267334495728413,50
10,40,random_individual,4,0.10803068137251205,0.15220308206661623,0.9604523694515228,0.18187462327884618,50
10,40,random_individual,5,0.1072909573076467,0.15186265239962043,0.9584939050674438,0.18219374259587504,50
10,40,random_individual,6,0.10974774058623782,0.144764396337844,0.9543984973430634,0.17805126748292505,50
10,40,random_individual,7,0.09129542052487509,0.1417778802139701,0.9535880982875824,0.17638679256358808,50
10,40,random_individual,8,0.06921223084202803,0.14675876821525424,0.9531571555137635,0.1785996243926127,50
10,40,random_individual,9,0.06901654659975341,0.1478475925311307,0.9515790402889251,0.1776699303491712,50
10,40,random_individual,10,0.061151482470171964,0.16854897684636452,0.949288684129715,0.17589293500028613,50
10,40,random_individual,11,0.04906410398294353,0.16898664955444112,0.9491744554042816,0.17765503639380442,50
10,40,random_individual,12,0.038733089755750315,0.15926700042043881,0.9518934762477875,0.17698700288575145,50
10,40,random_individual,13,0.01596531658917731,0.16855849498366474,0.9535098254680634,0.17551923371519762,50
10,40,random_individual,14,0.015377215056038944,0.1712538692856121,0.9560033845901489,0.17694065600619735,50
10,40,shapley_mean,0,0.13173385833764537,0.1974953165583795,0.9572111308574677,0.19570714413992504,10
10,40,shapley_mean,1,0.15202122084906353,0.1789737335141191,0.9487544596195221,0.19367351203995653,10
10,40,shapley_mean,2,0.1619355886724896,0.18087679945473586,0.9416134059429169,0.1932186920954835,10
10,40,shapley_mean,3,0.1502197867966255,0.19092202922858473,0.9446651041507721,0.19418762542428433,10
10,40,shapley_mean,4,0.156304384965313,0.17408208188159957,0.9432310700416565,0.19235525334503045,10
10,40,shapley_mean,5,0.15092361553181743,0.1692191877063448,0.9433267652988434,0.19166125296071804,10
10,40,shapley_mean,6,0.16254037806899563,0.1366914648775607,0.9367292642593383,0.18618450184542748,10
10,40,shapley_mean,7,0.1764357364876383,0.14925925527776454,0.9282696008682251,0.18850800352186203,10
10,40,shapley_mean,8,0.18428440448915598,0.16208382536723473,0.9225235462188721,0.1894935465189943,10
10,40,shapley_mean,9,0.17770989789501918,0.15336647919018792,0.9234942555427551,0.19277780661886124,10
10,40,shapley_mean,10,0.17459135164689782,0.13941825838912877,0.9229248464107513,0.1886428524939749,10
10,40,shapley_mean,11,0.15711575424381055,0.14714089396008823,0.9270568072795868,0.19320452224407214,10
10,40,shapley_mean,12,0.12588931108642876,0.1580090491127424,0.9344948947429657,0.19539055466051186,10
10,40,shapley_mean,13,0.08702081865912767,0.15328647113712682,0.945524936914444,0.2026786591801776,10
10,40,shapley_mean,14,0.08997506115897749,0.1771247043003198,0.9463323891162873,0.2066843823126638,10
10,80,random_individual,0,0.24223628505464778,0.09634295366573244,0.898281317949295,0.2393871101219646,50
10,80,random_individual,1,0.22922908081180574,0.09648042236020778,0.9011982214450837,0.23820775845808767,50
10,80,random_individual,2,0.21970241513360086,0.10408600196846525,0.904257538318634,0.23739889330337374,50
10,80,random_individual,3,0.21831820624478004,0.10716107499531027,0.904051171541214,0.2363888918101997,50
10,80,random_individual,4,0.20773685380343448,0.11394397734368064,0.9057355654239655,0.23515167756613412,50
10,80,random_individual,5,0.19051219540593775,0.11799517282537776,0.9085043048858643,0.23634366631280518,50
10,80,random_individual,6,0.18716940313715388,0.12024960791738196,0.908366242647171,0.23734582110893931,50
10,80,random_individual,7,0.17666875331340198,0.1299804638843756,0.9112898254394531,0.2386782333057466,50
10,80,random_individual,8,0.17498206614649117,0.12542610631344672,0.9097350072860718,0.23864615160517677,50
10,80,random_individual,9,0.15705652171933532,0.12873172326164398,0.9129358720779419,0.23619148199902937,50
10,80,random_individual,10,0.14839293686048186,0.13055396244286807,0.9150644171237946,0.23280256204983477,50
10,80,random_individual,11,0.14262756820075306,0.13347800788876762,0.9140492403507232,0.23049630715668581,50
10,80,random_individual,12,0.12412412393937071,0.13731487226948436,0.9149893605709076,0.22599676454602713,50
10,80,random_individual,13,0.08805613571750875,0.1315182411102859,0.9188805866241455,0.22341238633705182,50
10,80,random_individual,14,0.0600055339990665,0.14246757476838423,0.922147308588028,0.222301260576391,50
10,80,shapley_mean,0,0.24223628505464778,0.10053371698985546,0.898281317949295,0.2498000638793056,10
10,80,shapley_mean,1,0.2606238943224658,0.11045895084554237,0.8893572866916657,0.24590239871697325,10
10,80,shapley_mean,2,0.265115998758607,0.10992423675923202,0.8876655042171478,0.2446189046468659,10
10,80,shapley_mean,3,0.26593970885908036,0.11862384831666713,0.8859852969646453,0.24568690111127056,10
10,80,shapley_mean,4,0.2500326379322771,0.11168625519172153,0.8920475721359253,0.24717220699782852,10
10,80,shapley_mean,5,0.2397220171863595,0.11602183652184256,0.8914844632148743,0.2566037864493364,10
10,80,shapley_mean,6,0.26401266643934423,0.11454443240713062,0.8855107128620148,0.25695468556133055,10
10,80,shapley_mean,7,0.27437139288243517,0.11417206468096035,0.883913230895996,0.2539259609377359,10
10,80,shapley_mean,8,0.25658869005620605,0.12710539365652707,0.888204151391983,0.2524941364730385,10
10,80,shapley_mean,9,0.24374362836393143,0.11638208083813124,0.8904276907444,0.2468901820216952,10
10,80,shapley_mean,10,0.19329149508509672,0.12127596397797506,0.9013034880161286,0.23769393048609316,10
10,80,shapley_mean,11,0.18953785421494254,0.1122771768709333,0.9006728410720826,0.23736277116186685,10
10,80,shapley_mean,12,0.1827751635268309,0.13333773557434975,0.9006296694278717,0.24148487676748787,10
10,80,shapley_mean,13,0.16234739898985334,0.10719454396166897,0.9071539580821991,0.24241201610876353,10
10,80,shapley_mean,14,0.07174436457910105,0.18062044678445677,0.9182570576667786,0.23230762078636175,10
10,150,random_individual,0,0.2401499701012382,0.1062445210424651,0.9481793165206909,0.22495047819845396,50
10,150,random_individual,1,0.2342133430684111,0.11549229834499752,0.9491224992275238,0.2231537139494585,50
10,150,random_individual,2,0.22734244514071963,0.12285614932294969,0.9509425795078278,0.22336570167961745,50
10,150,random_individual,3,0.22317401311897409,0.12542605321858108,0.9518691718578338,0.2242819344725113,50
10,150,random_individual,4,0.21341377461675606,0.12679197705695228,0.9523256886005401,0.22107957886901117,50
10,150,random_individual,5,0.194517621550688,0.13305797832187558,0.9589081382751465,0.21450308046866895,50
10,150,random_individual,6,0.1861804829883858,0.13668531079782095,0.9576646959781647,0.21017436801483488,50
10,150,random_individual,7,0.17332724335726366,0.13232820074280036,0.9597377133369446,0.20838480130841858,50
10,150,random_individual,8,0.1609918852804147,0.1434439302268617,0.9615266144275665,0.20674451117747666,50
10,150,random_individual,9,0.16393594662300554,0.14433752417305726,0.9617362821102142,0.20337525702224515,50
10,150,random_individual,10,0.14981744307747355,0.14385640240243266,0.9641619968414307,0.20129194998067088,50
10,150,random_individual,11,0.1398365471686222,0.14018891904681938,0.9665419209003449,0.19818187926771483,50
10,150,random_individual,12,0.13430688054602036,0.14095122972599755,0.9667843914031983,0.19532652338949844,50
10,150,random_individual,13,0.11772303680802475,0.1725559323998591,0.9705589723587036,0.19463020785946802,50
10,150,random_individual,14,0.08817631729344341,0.17457483872033644,0.9758254885673523,0.19932712398245414,50
10,150,shapley_mean,0,0.24014997010123823,0.11086598660100075,0.9481793165206909,0.23473546171731954,10
10,150,shapley_mean,1,0.251355276796252,0.09877743368493778,0.9471971154212951,0.23089181451120286,10
10,150,shapley_mean,2,0.27918115164633384,0.10186992464758837,0.9361359059810639,0.2268706159099882,10
10,150,shapley_mean,3,0.2743057110838388,0.10713991187191353,0.9369260013103485,0.22379695218379198,10
10,150,shapley_mean,4,0.2640479955393258,0.10574035523317617,0.9390967428684235,0.22785383164938233,10
10,150,shapley_mean,5,0.2775321192568332,0.10508516522478814,0.9361677944660187,0.2304897381668401,10
10,150,shapley_mean,6,0.29954497335977753,0.11789985863260409,0.9240684032440185,0.22393814452653107,10
10,150,shapley_mean,7,0.29204442413814996,0.12368246643543412,0.9280197024345398,0.2279958666721055,10
10,150,shapley_mean,8,0.29637829495985957,0.11545684168091296,0.9251784026622772,0.22277014183987862,10
10,150,shapley_mean,9,0.2955983043488156,0.1206537913105535,0.9254038751125335,0.2214831619850242,10
10,150,shapley_mean,10,0.27995857487422804,0.11853793418194651,0.9296563327312469,0.22282632218489407,10
10,150,shapley_mean,11,0.2836317301782135,0.11554046721148699,0.928404051065445,0.21890627285165037,10
10,150,shapley_mean,12,0.2836399198146613,0.1062161921813126,0.9278892517089844,0.21755602025569878,10
10,150,shapley_mean,13,0.2744752465036574,0.09919173647665942,0.9382580757141114,0.20485313795511786,10
10,150,shapley_mean,14,0.23006020965662582,0.15300836346965285,0.9593960464000701,0.2078947379518498,10
20,10,random_individual,0,0.2319843465274993,0.11977957096807818,0.9391757309436798,0.23720202079308966,50
20,10,random_individual,1,0.22663404019463532,0.12586397957057183,0.9397793889045716,0.23631237393171892,50
20,10,random_individual,2,0.22284790661840245,0.1261722360147224,0.9406546652317047,0.23762961453184944,50
20,10,random_individual,3,0.2230987341067646,0.12291753568013573,0.939876469373703,0.2385432268908992,50
20,10,random_individual,4,0.21104784212079786,0.12296285574029642,0.9412742674350738,0.23737808276347222,50
20,10,random_individual,5,0.20045986495561063,0.1289022933155742,0.9439017117023468,0.23811551871476233,50
20,10,random_individual,6,0.19075425633061,0.13339077557842968,0.9423277759552002,0.23482870743028247,50
20,10,random_individual,7,0.18088529478379856,0.1292060724328736,0.9465508711338043,0.2346122367048879,50
20,10,random_individual,8,0.1667810316948251,0.14190163365637704,0.9510245382785797,0.24005776903244236,50
20,10,random_individual,9,0.14735878989558335,0.15143134914645273,0.9567731440067291,0.24011996387943096,50
20,10,random_individual,10,0.14569810782218254,0.14604750698011437,0.9586927080154419,0.2431374187475907,50
20,10,random_individual,11,0.1308098669178263,0.14470594738357193,0.961665631532669,0.2428829327576811,50
20,10,random_individual,12,0.11533345449157052,0.15293576237130685,0.9637748503684997,0.24586083444253526,50
20,10,random_individual,13,0.09679281284485938,0.141034221384495,0.9711760604381561,0.25116426636149564,50
20,10,random_individual,14,0.0540868773092597,0.16892688529827554,0.9814883983135223,0.24857730503012354,50
20,10,shapley_mean,0,0.23198434652749933,0.12498978940017878,0.9391757309436798,0.24751992668371123,10
20,10,shapley_mean,1,0.24299140598667743,0.13010487578538757,0.9357589423656464,0.2461233788410016,10
20,10,shapley_mean,2,0.23457523221074444,0.134079907151786,0.9369503140449524,0.2419094038132995,10
20,10,shapley_mean,3,0.242279436197984,0.143576514735428,0.9307250797748565,0.24384210983618415,10
20,10,shapley_mean,4,0.2426705011114707,0.13686772547774081,0.9306640326976776,0.2463010143769573,10
20,10,shapley_mean,5,0.254007624041309,0.13646913934919364,0.9249598622322083,0.24287650618462986,10
20,10,shapley_mean,6,0.23976373396480213,0.12890518206282187,0.9275037348270416,0.2391765614491636,10
20,10,shapley_mean,7,0.22589447445691166,0.15148890006463359,0.9312486708164215,0.24124506791360106,10
20,10,shapley_mean,8,0.2045724407083053,0.14086250945638135,0.9384635865688324,0.244070707647264,10
20,10,shapley_mean,9,0.24738699928850166,0.14773216334437533,0.9265956282615662,0.24738337777323985,10
20,10,shapley_mean,10,0.23014236325158985,0.12489023140560113,0.931811660528183,0.24365491044151444,10
20,10,shapley_mean,11,0.22455110048509047,0.11715881749697872,0.9345987677574158,0.2499576278676372,10
20,10,shapley_mean,12,0.20768441903887772,0.16012909230875194,0.9389624297618866,0.24182544325752067,10
20,10,shapley_mean,13,0.19974675155648008,0.18582301630931342,0.9510817646980285,0.24704889477219644,10
20,10,shapley_mean,14,0.1560046026042878,0.15085451424443372,0.9563107013702392,0.2554609176762098,10
20,20,random_individual,0,0.20380866947095794,0.1332660848078115,0.9281563729047775,0.29709341054957616,50
20,20,random_individual,1,0.1926371241140215,0.13347708688916765,0.9315902119874955,0.2951852639822482,50
20,20,random_individual,2,0.18487426573394272,0.13870626731602534,0.933266532421112,0.29409842683265175,50
20,20,random_individual,3,0.18138730579038967,0.14170945058847959,0.9323714858293534,0.2937453880180712,50
20,20,random_individual,4,0.17296167003482188,0.1542427158103125,0.9310822308063507,0.2901654164539245,50
20,20,random_individual,5,0.17427631714749858,0.15318088248528267,0.9295061993598938,0.28980458488944744,50
20,20,random_individual,6,0.15846631856384658,0.15711092206971317,0.9323913896083832,0.2940529249633328,50
20,20,random_individual,7,0.14594996365743407,0.16202828649165854,0.9332944595813751,0.29777436861400886,50
20,20,random_individual,8,0.1316609922620878,0.16014306534075046,0.9360315841436386,0.3005046961021347,50
20,20,random_individual,9,0.1216772613355642,0.14449685336695067,0.9371795290708542,0.3024752918609563,50
20,20,random_individual,10,0.11661607292693606,0.1495842309109597,0.9385743767023087,0.3039491471983803,50
20,20,random_individual,11,0.10190834275743071,0.14195864017207063,0.9420988965034485,0.314274502205499,50
20,20,random_individual,12,0.08476909760074781,0.13840420015357374,0.9444290947914123,0.3154875085323187,50
20,20,random_individual,13,0.07327927474334861,0.16782445808984164,0.9455501484870911,0.3099599674955652,50
20,20,random_individual,14,0.02519395043899867,0.19484615026636679,0.9528967398405075,0.3161650655480706,50
20,20,shapley_mean,0,0.20380866947095794,0.13906294487190862,0.9281563729047775,0.310016495439516,10
20,20,shapley_mean,1,0.19676976531375195,0.14464231466070734,0.9337184518575669,0.3155493547464531,10
20,20,shapley_mean,2,0.190576985253694,0.1477923995060024,0.9363287299871444,0.3181493533880835,10
20,20,shapley_mean,3,0.16770245389830615,0.1501119696338094,0.9430413246154785,0.32577437337575776,10
20,20,shapley_mean,4,0.18007101997529756,0.1568003190578051,0.9344720065593719,0.3179466918604314,10
20,20,shapley_mean,5,0.18924024024487315,0.16149423573710728,0.9288161039352417,0.31726768857947585,10
20,20,shapley_mean,6,0.1926019698655378,0.17692040407625728,0.9254559367895127,0.31203714397491106,10
20,20,shapley_mean,7,0.202206530024442,0.1648692522717924,0.9190087914466858,0.3156687600942453,10
20,20,shapley_mean,8,0.21101800545063024,0.15180294109088097,0.9172224968671798,0.32243058644240075,10
20,20,shapley_mean,9,0.19859841540217915,0.1615893660006444,0.9184219062328338,0.3273322144139421,10
20,20,shapley_mean,10,0.18468739843353016,0.16225071819490394,0.9227993369102478,0.32943416567701783,10
20,20,shapley_mean,11,0.18158862495817163,0.1653032602359926,0.9210479319095611,0.31827466242900676,10
20,20,shapley_mean,12,0.16188263693286964,0.1831791024483042,0.924955204129219,0.31696968043798374,10
20,20,shapley_mean,13,0.15987362843818392,0.18893264182557548,0.9278868228197098,0.31671101621157866,10
20,20,shapley_mean,14,0.09281453747843307,0.1489370931256773,0.9481974482536316,0.3245122604879982,10
20,40,random_individual,0,0.1317338583376454,0.18926269416958988,0.9572111308574677,0.1875490619910952,50
20,40,random_individual,1,0.1239632553363475,0.17855637268283298,0.9599149155616761,0.18808808025772694,50
20,40,random_individual,2,0.12067296723379942,0.1688098070140208,0.9591340851783753,0.18536941280039645,50
20,40,random_individual,3,0.11640744408555481,0.15937125714781264,0.9593048417568206,0.1836407131408497,50
20,40,random_individual,4,0.10818994766199833,0.15176580432804238,0.9605317783355712,0.1820885297776169,50
20,40,random_individual,5,0.10848017835498018,0.1494907021480208,0.9558761644363404,0.17964379308998776,50
20,40,random_individual,6,0.10902238434468492,0.14472070514613242,0.9545255255699158,0.1780875269961948,50
20,40,random_individual,7,0.08942207880231914,0.14130890374765215,0.9540360355377198,0.17562236198238063,50
20,40,random_individual,8,0.06985633126330876,0.1416525210669534,0.954190434217453,0.17869899108508067,50
20,40,random_individual,9,0.06974397308178175,0.14951209884888617,0.9511156523227692,0.17682023568580743,50
20,40,random_individual,10,0.0647569094115761,0.16584418238311224,0.9474649715423584,0.1752961684029361,50
20,40,random_individual,11,0.04597472346103158,0.1682321696759546,0.9505370604991913,0.17824037839138074,50
20,40,random_individual,12,0.04070510444671498,0.16249846902258616,0.9526612281799316,0.17722547106873382,50
20,40,random_individual,13,0.023265469181462883,0.1672209782679867,0.952235096693039,0.17402185879062673,50
20,40,random_individual,14,0.016775322936710996,0.17375203027050254,0.957709813117981,0.17459660431404284,50
20,40,shapley_mean,0,0.13173385833764537,0.1974953165583795,0.9572111308574677,0.19570714413992504,10
20,40,shapley_mean,1,0.13815697325834722,0.17192459794566892,0.9521644055843353,0.19392324884252574,10
20,40,shapley_mean,2,0.16021415182434443,0.17925727741842876,0.9425571978092193,0.1910636546876353,10
20,40,shapley_mean,3,0.1598407331095803,0.1767115438438075,0.9412236392498017,0.1914167549057945,10
20,40,shapley_mean,4,0.14839489642024137,0.17347925011328616,0.944466906785965,0.19184821435400118,10
20,40,shapley_mean,5,0.1552335807813322,0.15720840615040182,0.9397852718830109,0.18800372823728254,10
20,40,shapley_mean,6,0.15641412141012154,0.14108125591048817,0.9384078025817871,0.1870963059840568,10
20,40,shapley_mean,7,0.1772066508337046,0.14892019810322765,0.9280328035354615,0.18886305606979972,10
20,40,shapley_mean,8,0.1916340552098474,0.15168843078576977,0.9214308083057403,0.18865128453646418,10
20,40,shapley_mean,9,0.1588200363948003,0.1486450287876752,0.928031587600708,0.1888666122120877,10
20,40,shapley_mean,10,0.15835110720571463,0.15891122832092958,0.9277290284633637,0.1913475966596575,10
20,40,shapley_mean,11,0.14707743345787674,0.15548080394429156,0.929229599237442,0.19451287307553403,10
20,40,shapley_mean,12,0.10377670089231301,0.16630055720535225,0.9390956342220307,0.19770095429990217,10
20,40,shapley_mean,13,0.09314474323266352,0.1803018525807347,0.9420914232730866,0.1987310600249614,10
20,40,shapley_mean,14,0.10499926115198119,0.13687165731398426,0.9450173735618591,0.17161154408547322,10
20,80,random_individual,0,0.24223628505464778,0.09634295366573244,0.898281317949295,0.2393871101219646,50
20,80,random_individual,1,0.2305585182782962,0.09882741740165718,0.9012966763973236,0.2383480003741728,50
20,80,random_individual,2,0.21970241513360086,0.10408600196846525,0.904257538318634,0.23739889330337374,50
20,80,random_individual,3,0.21536112703704013,0.10872064975332263,0.9044500851631164,0.23631535677577825,50
20,80,random_individual,4,0.2089285279138906,0.11397542509216779,0.9056394743919373,0.23434146411904236,50
20,80,random_individual,5,0.19196266152020144,0.11906829789265093,0.9084896421432496,0.23640401701851874,50
20,80,random_individual,6,0.18882499876768463,0.11563198783486661,0.9088607513904572,0.23565434804415256,50
20,80,random_individual,7,0.17739285953273945,0.12969478018761485,0.9111665689945221,0.23883811007475866,50
20,80,random_individual,8,0.17147913584489058,0.1298008246519694,0.911138905286789,0.23930708761878117,50
20,80,random_individual,9,0.15435049519274757,0.13209721229973823,0.9131203413009643,0.23326069667885452,50
20,80,random_individual,10,0.1600486821565067,0.13040234220568053,0.9135031735897065,0.23336776240604032,50
20,80,random_individual,11,0.14369183963440796,0.12848609809090408,0.9125476145744323,0.23020585020562176,50
20,80,random_individual,12,0.11129368901629716,0.13206028172068413,0.9160653281211854,0.2271971139990026,50
20,80,random_individual,13,0.08454628301450921,0.141394660551207,0.9163591051101685,0.22423063749248567,50
20,80,random_individual,14,0.056064731458454226,0.13806165680420238,0.9206461477279663,0.22192048453202853,50
20,80,shapley_mean,0,0.24223628505464778,0.10053371698985546,0.898281317949295,0.2498000638793056,10
20,80,shapley_mean,1,0.25574000544293496,0.09744925463181625,0.8920949995517731,0.24405431905954228,10
20,80,shapley_mean,2,0.265115998758607,0.10992423675923202,0.8876655042171478,0.2446189046468659,10
20,80,shapley_mean,3,0.27368113650159714,0.1130797491999884,0.8835535287857056,0.24530188268446476,10
20,80,shapley_mean,4,0.2572715635161799,0.1099547049827861,0.8893100678920746,0.2426295173103463,10
20,80,shapley_mean,5,0.25339376274149494,0.11507889116662041,0.8876648187637329,0.2516661871037787,10
20,80,shapley_mean,6,0.2577380435157789,0.10726806735061203,0.8867301642894745,0.25381368995169673,10
20,80,shapley_mean,7,0.2715709014051281,0.11366928400857235,0.8845050096511841,0.2532410813472522,10
20,80,shapley_mean,8,0.2709616581498193,0.10624220449376684,0.8834613263607025,0.2514400850658963,10
20,80,shapley_mean,9,0.2587496332556082,0.09025612321657801,0.8865307092666626,0.2444835254584215,10
20,80,shapley_mean,10,0.24655187980660398,0.08239717644318538,0.8895815551280976,0.24250758812180373,10
20,80,shapley_mean,11,0.2033210157750116,0.1003092658699193,0.8985344231128692,0.23149961856600135,10
20,80,shapley_mean,12,0.1887092114096866,0.1395612371370122,0.9004951894283295,0.2330555060384554,10
20,80,shapley_mean,13,0.12479330592346179,0.14035271336690772,0.9131808340549469,0.23333179770545082,10
20,80,shapley_mean,14,0.0803413332760891,0.18095277401200913,0.9163572669029236,0.23231316043774697,10
20,150,random_individual,0,0.2401499701012382,0.1062445210424651,0.9481793165206909,0.22495047819845396,50
20,150,random_individual,1,0.2342133430684111,0.11549229834499752,0.9491224992275238,0.2231537139494585,50
20,150,random_individual,2,0.22880679190191358,0.12275196173957857,0.9505550479888916,0.22369390853599638,50
20,150,random_individual,3,0.22173356151575152,0.12601526258429085,0.9520625436306,0.2235502617151514,50
20,150,random_individual,4,0.21471036315817013,0.12432898445015841,0.9530094289779663,0.22007399964034402,50
20,150,random_individual,5,0.194517621550688,0.13305797832187558,0.9589081382751465,0.21450308046866895,50
20,150,random_individual,6,0.18735057206113684,0.13591275936648872,0.9570147836208344,0.2092878909572975,50
20,150,random_individual,7,0.1762944328404379,0.12964245510079164,0.9589449775218963,0.20778240474157222,50
20,150,random_individual,8,0.16009501284519917,0.14223186473138152,0.9627661883831025,0.2059616501909878,50
20,150,random_individual,9,0.15877976348940498,0.14696700667061308,0.9623754000663758,0.20308903001534975,50
20,150,random_individual,10,0.15143682837848765,0.13623964447268258,0.9639654660224914,0.20315680681480297,50
20,150,random_individual,11,0.14049155571355995,0.14486569206096972,0.9648906934261322,0.19877705060899448,50
20,150,random_individual,12,0.13680192052304496,0.14224744426957522,0.9672540473937988,0.19493176168999654,50
20,150,random_individual,13,0.1230012845139282,0.16740277878872784,0.9703155338764191,0.19494212751032355,50
20,150,random_individual,14,0.07203796970747017,0.18026912152065536,0.977753803730011,0.1998413655873907,50
20,150,shapley_mean,0,0.24014997010123823,0.11086598660100075,0.9481793165206909,0.23473546171731954,10
20,150,shapley_mean,1,0.251355276796252,0.09877743368493778,0.9471971154212951,0.23089181451120286,10
20,150,shapley_mean,2,0.2640431451129057,0.09603821083925142,0.9421491503715516,0.22657542380700446,10
20,150,shapley_mean,3,0.2758453137482094,0.11004547377773258,0.9355404257774353,0.2255388035572752,10
20,150,shapley_mean,4,0.2719822991456213,0.10804467243638914,0.9380432367324829,0.22938141443779494,10
20,150,shapley_mean,5,0.2775321192568332,0.10508516522478814,0.9361677944660187,0.2304897381668401,10
20,150,shapley_mean,6,0.3014739664629552,0.12574863014448964,0.9248523414134979,0.2268465141285227,10
20,150,shapley_mean,7,0.29820177686860483,0.12070368972758051,0.9244068622589111,0.22448671444921023,10
20,150,shapley_mean,8,0.2958761707183805,0.11927507396158622,0.9257254123687744,0.22136096863585186,10
20,150,shapley_mean,9,0.2854248846709681,0.11284053323562339,0.9300187766551972,0.22057965060388418,10
20,150,shapley_mean,10,0.28256045788977274,0.12577967214466337,0.9317341625690461,0.22078600480856045,10
20,150,shapley_mean,11,0.27784314316061165,0.12146974416706577,0.9321241199970245,0.21983915068858173,10
20,150,shapley_mean,12,0.27402525795941796,0.11771892617943863,0.9342211782932281,0.2182641641949692,10
20,150,shapley_mean,13,0.27752183292634874,0.10146613893704073,0.9403387665748596,0.20146081126242382,10
20,150,shapley_mean,14,0.25336764402123685,0.1501525835860031,0.9589818596839905,0.2099465342775073,10
40,10,random_individual,0,0.2319843465274993,0.11977957096807818,0.9391757309436798,0.23720202079308966,50
40,10,random_individual,1,0.22826632666484073,0.12305050533936025,0.9391714024543762,0.23641049867630773,50
40,10,random_individual,2,0.22284790661840245,0.1261722360147224,0.9406546652317047,0.23762961453184944,50
40,10,random_individual,3,0.22002930700951864,0.12621279328570412,0.9413608992099762,0.23848277765038434,50
40,10,random_individual,4,0.21355335364293385,0.11994503116088215,0.9408696448802948,0.23743219862345294,50
40,10,random_individual,5,0.20292044642942375,0.1258158901381692,0.9427927529811859,0.23731692608748042,50
40,10,random_individual,6,0.19114697065950773,0.13303629061306746,0.9419477248191833,0.2329551475334665,50
40,10,random_individual,7,0.17760537221294803,0.13486741324827153,0.9478573107719421,0.23569938294972978,50
40,10,random_individual,8,0.173631289171024,0.14578808140613275,0.9482865190505981,0.2349995791127334,50
40,10,random_individual,9,0.15493799705507422,0.14383442114903436,0.9557230138778686,0.2412648935800364,50
40,10,random_individual,10,0.14346883795166598,0.15326662377071834,0.9591404211521148,0.24298843312855675,50
40,10,random_individual,11,0.13099836172955479,0.1424827217871561,0.9613518130779266,0.24290616644675644,50
40,10,random_individual,12,0.11678372123199157,0.15084146603443233,0.963664048910141,0.2458811232995567,50
40,10,random_individual,13,0.097280195087966,0.1359214987426805,0.9720046293735504,0.25250148224906455,50
40,10,random_individual,14,0.0540868773092597,0.16892688529827554,0.9814883983135223,0.24857730503012354,50
40,10,shapley_mean,0,0.23198434652749933,0.12498978940017878,0.9391757309436798,0.24751992668371123,10
40,10,shapley_mean,1,0.24437831530213697,0.12730600321718433,0.9349437296390534,0.24625170411702996,10
40,10,shapley_mean,2,0.23457523221074444,0.134079907151786,0.9369503140449524,0.2419094038132995,10
40,10,shapley_mean,3,0.23542044709345547,0.16285331099962433,0.9336720466613769,0.2419238484746029,10
40,10,shapley_mean,4,0.23203207199418338,0.17067676845359295,0.9332584142684937,0.24333455771656132,10
40,10,shapley_mean,5,0.22622587212748013,0.17766187948534964,0.9343878388404846,0.2374882314283962,10
40,10,shapley_mean,6,0.2233887105418133,0.1567924459121643,0.9334104180335998,0.23978897733763055,10
40,10,shapley_mean,7,0.22269254931311516,0.14901829112223658,0.9333037436008453,0.24067014277563295,10
40,10,shapley_mean,8,0.22286519058498647,0.13214955122927127,0.9351509571075439,0.2409912857562356,10
40,10,shapley_mean,9,0.2218378862644288,0.14429203098287183,0.9353201568126679,0.2434359486916103,10
40,10,shapley_mean,10,0.23938399603112726,0.13418276079262975,0.9281808793544769,0.24416430112038007,10
40,10,shapley_mean,11,0.21625061806265022,0.11104426951417674,0.9376568257808685,0.24950622445847964,10
40,10,shapley_mean,12,0.20930574456607096,0.1604957336121779,0.9400028109550476,0.24175896452864531,10
40,10,shapley_mean,13,0.19326298385585755,0.18407854869718018,0.9489970684051514,0.24361935237911944,10
40,10,shapley_mean,14,0.1560046026042878,0.15085451424443372,0.9563107013702392,0.2554609176762098,10
40,20,random_individual,0,0.20380866947095794,0.1332660848078115,0.9281563729047775,0.29709341054957616,50
40,20,random_individual,1,0.19288831601479473,0.1334091261997899,0.9314361208677292,0.29506695897259483,50
40,20,random_individual,2,0.1870254001275646,0.1368375898340452,0.9329261541366577,0.2953578665040801,50
40,20,random_individual,3,0.18171028009385992,0.14188332348331337,0.9322708088159561,0.2936553961335884,50
40,20,random_individual,4,0.17487211633299196,0.15575745419931264,0.9310599374771118,0.29074972508203467,50
40,20,random_individual,5,0.17427631714749858,0.15318088248528267,0.9295061993598938,0.28980458488944744,50
40,20,random_individual,6,0.15846631856384658,0.15711092206971317,0.9323913896083832,0.2940529249633328,50
40,20,random_individual,7,0.1467203033292778,0.16150244319446222,0.9328295832872391,0.2981790275505181,50
40,20,random_individual,8,0.13428599891419551,0.1517998306568486,0.9342611247301101,0.3024525862611999,50
40,20,random_individual,9,0.1246928781144831,0.1562696686355782,0.9346054309606552,0.301481898278282,50
40,20,random_individual,10,0.11964204868922781,0.14169852059663304,0.9372620505094528,0.3055005212856741,50
40,20,random_individual,11,0.09970489084679462,0.14157774071817955,0.9433493888378144,0.3143225719336999,50
40,20,random_individual,12,0.08553156122311954,0.13890717732210148,0.9435808897018433,0.31472091158183807,50
40,20,random_individual,13,0.08837547875351438,0.16462137185265338,0.9437244415283204,0.3123949904811889,50
40,20,random_individual,14,0.03206584264764136,0.19586803053186122,0.9505043607950211,0.31571662676997786,50
40,20,shapley_mean,0,0.20380866947095794,0.13906294487190862,0.9281563729047775,0.310016495439516,10
40,20,shapley_mean,1,0.19623923062616608,0.1455897478406234,0.9330435127019883,0.31481349421688676,10
40,20,shapley_mean,2,0.1847223881293169,0.14552874975524235,0.9371526926755905,0.31557084128639307,10
40,20,shapley_mean,3,0.17080072491520637,0.14920870107714226,0.9425671100616455,0.3253044735788701,10
40,20,shapley_mean,4,0.1802231036614456,0.15142007479009637,0.933293342590332,0.31724151293854264,10
40,20,shapley_mean,5,0.18924024024487315,0.16149423573710728,0.9288161039352417,0.31726768857947585,10
40,20,shapley_mean,6,0.1926019698655378,0.17692040407625728,0.9254559367895127,0.31203714397491106,10
40,20,shapley_mean,7,0.18935942023593583,0.17588868039753092,0.922773277759552,0.31065685285912853,10
40,20,shapley_mean,8,0.196981247762737,0.17170485722755705,0.9211802661418915,0.3182219684611579,10
40,20,shapley_mean,9,0.18961951981624164,0.15979781363993045,0.9230631589889526,0.32729342931228167,10
40,20,shapley_mean,10,0.17748755113812095,0.16992144386711197,0.9251179993152618,0.32791760436479517,10
40,20,shapley_mean,11,0.1741836640407258,0.15918661779929547,0.923330420255661,0.3181095698404743,10
40,20,shapley_mean,12,0.1903576187052304,0.18313342542843541,0.9238546073436738,0.3176565079006796,10
40,20,shapley_mean,13,0.1902013502068127,0.1680443063743034,0.9282871097326278,0.3196058313988912,10
40,20,shapley_mean,14,0.1751902342520842,0.1447796171620019,0.931793212890625,0.3200247350147764,10
40,40,random_individual,0,0.1317338583376454,0.18926269416958988,0.9572111308574677,0.1875490619910952,50
40,40,random_individual,1,0.12379178463887872,0.17975830238055673,0.960754896402359,0.18961189693315778,50
40,40,random_individual,2,0.12059021228306496,0.1687357286881221,0.959211859703064,0.18522591258537746,50
40,40,random_individual,3,0.11619649442766082,0.16222840028804106,0.9589093565940857,0.18202295752247705,50
40,40,random_individual,4,0.11001371872658978,0.15384318931358787,0.9596324586868286,0.18144423646306726,50
40,40,random_individual,5,0.1085815877561608,0.14953983941195959,0.9558679258823395,0.1796469270375115,50
40,40,random_individual,6,0.10902238434468492,0.14472070514613242,0.9545255255699158,0.1780875269961948,50
40,40,random_individual,7,0.08835461634805059,0.14197437689129727,0.9543776512145996,0.17578026822447593,50
40,40,random_individual,8,0.06745624744530257,0.1426081721643658,0.9547778511047363,0.1789743179827007,50
40,40,random_individual,9,0.07286194863577863,0.1490108053792121,0.9510689616203308,0.17699549176192042,50
40,40,random_individual,10,0.06734135550378703,0.16978860478133784,0.9466835153102875,0.17435938129205883,50
40,40,random_individual,11,0.04531916715918378,0.1715144021750213,0.9499225282669067,0.17797090115886088,50
40,40,random_individual,12,0.03810204792477868,0.1620719932926083,0.9518102216720581,0.17683987381318975,50
40,40,random_individual,13,0.015756582348097577,0.16256245233230365,0.9551296412944794,0.17572134262613634,50
40,40,random_individual,14,0.005233858553923808,0.17009285271596536,0.9585442447662353,0.17579781778144052,50
40,40,shapley_mean,0,0.13173385833764537,0.1974953165583795,0.9572111308574677,0.19570714413992504,10
40,40,shapley_mean,1,0.13896403018199294,0.18906720522756276,0.9540728867053986,0.19574006972847532,10
40,40,shapley_mean,2,0.16408827789943659,0.18229461928461607,0.9413470327854156,0.1933202731499324,10
40,40,shapley_mean,3,0.15074232934300164,0.18797411606867698,0.9459355115890503,0.19697675156092345,10
40,40,shapley_mean,4,0.1479022860322917,0.16825461540064499,0.9439261853694916,0.19314662685799644,10
40,40,shapley_mean,5,0.15026172234846608,0.1551884137887296,0.9412823796272278,0.18755982807573363,10
40,40,shapley_mean,6,0.15641412141012154,0.14108125591048817,0.9384078025817871,0.1870963059840568,10
40,40,shapley_mean,7,0.17581569505855885,0.1501853690423026,0.9287962675094604,0.1893397456720104,10
40,40,shapley_mean,8,0.1814987070269648,0.16386586096576647,0.9243044793605805,0.19074530911314364,10
40,40,shapley_mean,9,0.1781857931773707,0.14698119023581394,0.92388157248497,0.19021650063489112,10
40,40,shapley_mean,10,0.1828324082937129,0.16540498427040312,0.9232015311717987,0.19479299835132455,10
40,40,shapley_mean,11,0.13984317143769084,0.1716881122049307,0.9329600751399993,0.1966067842267544,10
40,40,shapley_mean,12,0.12686878665758278,0.16301054436451085,0.9376510620117188,0.19759903871173773,10
40,40,shapley_mean,13,0.07451452030364615,0.1474373149872697,0.9517471849918365,0.2040586529879029,10
40,40,shapley_mean,14,0.05462868778608014,0.12677175937792154,0.961753499507904,0.18525675816097564,10
40,80,random_individual,0,0.24223628505464778,0.09634295366573244,0.898281317949295,0.2393871101219646,50
40,80,random_individual,1,0.22871215871727613,0.09672289068275557,0.9014043176174164,0.23853425254789049,50
40,80,random_individual,2,0.21881278302633878,0.10305581552340724,0.9045084965229034,0.23737176529150883,50
40,80,random_individual,3,0.21477430789618576,0.10921506377480474,0.9047225832939148,0.2359997260745355,50
40,80,random_individual,4,0.20443208467451449,0.12086047820900099,0.9054295194149017,0.23480516270391585,50
40,80,random_individual,5,0.19352811591710967,0.11856311040614115,0.9080198335647583,0.2361333440349997,50
40,80,random_individual,6,0.18919949052166596,0.1171582396932256,0.9088962590694427,0.23574295178620933,50
40,80,random_individual,7,0.1761350296838882,0.13197839281575438,0.9109848463535308,0.23850186899269163,50
40,80,random_individual,8,0.172184417676436,0.12486884563538146,0.9104197132587433,0.23733717538613117,50
40,80,random_individual,9,0.15372692919248557,0.13009921567048843,0.9144907522201539,0.23562352959796465,50
40,80,random_individual,10,0.1533790912607187,0.1326620413120444,0.9146643245220184,0.23402691044338306,50
40,80,random_individual,11,0.14082140018155642,0.13107086839391094,0.913088663816452,0.231086657528218,50
40,80,random_individual,12,0.11406220149369163,0.1326723094324158,0.9164314234256744,0.22639384836389984,50
40,80,random_individual,13,0.08360456631362904,0.13441174403549197,0.9163705468177795,0.2241856603727721,50
40,80,random_individual,14,0.07171638672920076,0.15243310200430626,0.9186345100402832,0.2245283051233715,50
40,80,shapley_mean,0,0.24223628505464778,0.10053371698985546,0.898281317949295,0.2498000638793056,10
40,80,shapley_mean,1,0.25729277942021284,0.11166766408618875,0.8912825167179108,0.2506219872525513,10
40,80,shapley_mean,2,0.26470496677470984,0.10927138107969993,0.8880074858665467,0.24457188652540068,10
40,80,shapley_mean,3,0.26627114615400393,0.11382846867503686,0.8853438496589661,0.24316927228892735,10
40,80,shapley_mean,4,0.26827338030351255,0.08964288380408021,0.8840724170207978,0.25054196052102357,10
40,80,shapley_mean,5,0.24564185368015795,0.11422096837106986,0.8904293358325959,0.2542525939299093,10
40,80,shapley_mean,6,0.26673348632329247,0.1079443284794034,0.8850313484668731,0.2516232754471287,10
40,80,shapley_mean,7,0.2688514035785295,0.11707397200940568,0.884953236579895,0.2541953783838299,10
40,80,shapley_mean,8,0.271794027210146,0.10650643021344834,0.8833270967006683,0.25416519816795324,10
40,80,shapley_mean,9,0.26358715713319303,0.09059266365700173,0.8852206349372864,0.2440453475510482,10
40,80,shapley_mean,10,0.2402041364700885,0.08301752290883761,0.890513151884079,0.2434629558014757,10
40,80,shapley_mean,11,0.20630404220962978,0.10202453586737621,0.8966615378856659,0.23863001854251917,10
40,80,shapley_mean,12,0.19917197183804353,0.10550279449736073,0.8974314093589782,0.24253527140653278,10
40,80,shapley_mean,13,0.14749156875160585,0.10024007294890855,0.9103131711483001,0.23683146664053928,10
40,80,shapley_mean,14,0.08356908565979577,0.17639150611855972,0.9213414311408996,0.2258790859271397,10
40,150,random_individual,0,0.2401499701012382,0.1062445210424651,0.9481793165206909,0.22495047819845396,50
40,150,random_individual,1,0.23281254908988028,0.11493322397969959,0.9498732364177704,0.2231592980663351,50
40,150,random_individual,2,0.22686524325055438,0.12258186709334053,0.9509655964374543,0.2236633074222435,50
40,150,random_individual,3,0.21843384874223973,0.12785372200567166,0.9530464553833008,0.22214512843931364,50
40,150,random_individual,4,0.2122112959515536,0.12936293069211205,0.9532182562351227,0.22000893735418398,50
40,150,random_individual,5,0.194517621550688,0.13305797832187558,0.9589081382751465,0.21450308046866895,50
40,150,random_individual,6,0.1897648148495604,0.13279963095375522,0.9572878193855285,0.20812297786895104,50
40,150,random_individual,7,0.17655121920933858,0.1333492508517697,0.9588027489185333,0.20785261588369,50
40,150,random_individual,8,0.16603035640510846,0.1407589307457152,0.961763106584549,0.2064100491836747,50
40,150,random_individual,9,0.15809074140166543,0.1481514552128239,0.9624219524860382,0.2030408089062305,50
40,150,random_individual,10,0.14929737610801908,0.13991485942995632,0.9643070840835571,0.20164056472559355,50
40,150,random_individual,11,0.14049155571355995,0.14486569206096972,0.9648906934261322,0.19877705060899448,50
40,150,random_individual,12,0.13153709618736167,0.14230014941722366,0.9677360391616822,0.19465425572988912,50
40,150,random_individual,13,0.12049479648315273,0.17243228846808412,0.9704049634933472,0.1945423487368915,50
40,150,random_individual,14,0.07203796970747017,0.18026912152065536,0.977753803730011,0.1998413655873907,50
40,150,shapley_mean,0,0.24014997010123823,0.11086598660100075,0.9481793165206909,0.23473546171731954,10
40,150,shapley_mean,1,0.2641306212877239,0.11070350770948598,0.942563945055008,0.22922258037949722,10
40,150,shapley_mean,2,0.278136709408336,0.10668085489903331,0.9368655860424042,0.22500823869568726,10
40,150,shapley_mean,3,0.28528716964444956,0.11226021852756751,0.9336939215660095,0.22838951573881267,10
40,150,shapley_mean,4,0.26943562643781094,0.11219041290857325,0.9392153561115265,0.2291877193204516,10
40,150,shapley_mean,5,0.2775321192568332,0.10508516522478814,0.9361677944660187,0.2304897381668401,10
40,150,shapley_mean,6,0.28793339976395205,0.11075214895951947,0.9291124463081359,0.22542331987675598,10
40,150,shapley_mean,7,0.29161459609683854,0.12881705567717008,0.9279408812522888,0.2265191828506496,10
40,150,shapley_mean,8,0.28572405506269033,0.12563497867224224,0.9295143127441406,0.2232180803896133,10
40,150,shapley_mean,9,0.2829939845518057,0.11109333132969156,0.93111252784729,0.2188959741216915,10
40,150,shapley_mean,10,0.28079426727584866,0.11277060379040123,0.9340291023254395,0.22057175103610785,10
40,150,shapley_mean,11,0.27784314316061165,0.12146974416706577,0.9321241199970245,0.21983915068858173,10
40,150,shapley_mean,12,0.2691693824560752,0.12049592575092317,0.934548819065094,0.21843219578958084,10
40,150,shapley_mean,13,0.24659945563228716,0.14388738882182225,0.9426677465438843,0.20851035990580638,10
40,150,shapley_mean,14,0.25336764402123685,0.1501525835860031,0.9589818596839905,0.2099465342775073,10
80,10,random_individual,0,0.2319843465274993,0.11977957096807818,0.9391757309436798,0.23720202079308966,50
80,10,random_individual,1,0.22826632666484073,0.12305050533936025,0.9391714024543762,0.23641049867630773,50
80,10,random_individual,2,0.2218569365746163,0.12591543752546916,0.9410723865032196,0.2379972424659466,50
80,10,random_individual,3,0.22002930700951864,0.12621279328570412,0.9413608992099762,0.23848277765038434,50
80,10,random_individual,4,0.2134002043619905,0.119967581819191,0.9409003818035125,0.23746848215955726,50
80,10,random_individual,5,0.19379423251555,0.12443156093642492,0.9456958818435669,0.23986862490065503,50
80,10,random_individual,6,0.1900424205144956,0.13357088448740617,0.9426256167888641,0.23465256342888624,50
80,10,random_individual,7,0.17978408065023618,0.13550933043216407,0.9474576842784882,0.23462357053260297,50
80,10,random_individual,8,0.16251684223185742,0.14200333562588646,0.9523914670944214,0.23990269590634142,50
80,10,random_individual,9,0.1564963990593484,0.1448677099658343,0.9550493013858795,0.23975347885939666,50
80,10,random_individual,10,0.1495202399062803,0.15699420064895014,0.9559144151210784,0.23863741634669913,50
80,10,random_individual,11,0.13264206271767,0.14208341183585607,0.9613831126689911,0.24297316871732266,50
80,10,random_individual,12,0.1131718386016561,0.15582447104109096,0.964576541185379,0.24724109189998508,50
80,10,random_individual,13,0.0982771619207901,0.13905748896056114,0.9723136365413666,0.2524891685268224,50
80,10,random_individual,14,0.0540868773092597,0.16892688529827554,0.9814883983135223,0.24857730503012354,50
80,10,shapley_mean,0,0.23198434652749933,0.12498978940017878,0.9391757309436798,0.24751992668371123,10
80,10,shapley_mean,1,0.24437831530213697,0.12730600321718433,0.9349437296390534,0.24625170411702996,10
80,10,shapley_mean,2,0.22730487359252155,0.13254914500573803,0.9393490433692933,0.24426607565835984,10
80,10,shapley_mean,3,0.23542044709345547,0.16285331099962433,0.9336720466613769,0.2419238484746029,10
80,10,shapley_mean,4,0.22744321110797325,0.16878073343220296,0.9347822427749634,0.24564474254394783,10
80,10,shapley_mean,5,0.21354144546736387,0.16753882889351687,0.9362423181533813,0.23982247866273818,10
80,10,shapley_mean,6,0.2197345319872741,0.16803670800280288,0.9324150502681732,0.23760462936872667,10
80,10,shapley_mean,7,0.23017260178933122,0.1503093660435786,0.9307637453079224,0.24205671539277832,10
80,10,shapley_mean,8,0.22678780642914806,0.14773013790875233,0.9338127493858337,0.2432179509767556,10
80,10,shapley_mean,9,0.23731381069508845,0.14410990998836404,0.9289848864078522,0.24197733138468913,10
80,10,shapley_mean,10,0.23206210131629712,0.1310755129844502,0.931294959783554,0.24897983614113417,10
80,10,shapley_mean,11,0.2120871836679264,0.10983156149768922,0.9384959578514099,0.24777444702392956,10
80,10,shapley_mean,12,0.20577492590279337,0.15881480805223208,0.9424322128295899,0.2453033013932966,10
80,10,shapley_mean,13,0.18199519152634358,0.18290361177396125,0.9433728575706481,0.24479817006992946,10
80,10,shapley_mean,14,0.1560046026042878,0.15085451424443372,0.9563107013702392,0.2554609176762098,10
80,20,random_individual,0,0.20380866947095794,0.1332660848078115,0.9281563729047775,0.29709341054957616,50
80,20,random_individual,1,0.19121486937727533,0.13554155022458145,0.9322506099939346,0.29525542930573867,50
80,20,random_individual,2,0.18368972706604797,0.1378183630148365,0.9336402988433838,0.29415486246837763,50
80,20,random_individual,3,0.18171028009385992,0.14188332348331337,0.9322708088159561,0.2936553961335884,50
80,20,random_individual,4,0.17628779364722774,0.15640803314167986,0.9304209339618683,0.28990711980671774,50
80,20,random_individual,5,0.17407668585313632,0.15311083626361796,0.9295378732681274,0.28977103801388704,50
80,20,random_individual,6,0.16033861326158783,0.15602861186771705,0.9321893048286438,0.29438290022300195,50
80,20,random_individual,7,0.1462986762204094,0.1629119946489691,0.933162756562233,0.29581259747181804,50
80,20,random_individual,8,0.1362059005533474,0.15199176368200676,0.9334335285425186,0.3025425937650486,50
80,20,random_individual,9,0.12638477743818263,0.1502413798090771,0.934835529923439,0.3017766633809491,50
80,20,random_individual,10,0.12007197158751305,0.14628558845403555,0.938704589009285,0.3046200352071562,50
80,20,random_individual,11,0.10280453893175615,0.14672413348364408,0.9406909340620041,0.3091254950933063,50
80,20,random_individual,12,0.08831647812244611,0.138445724357288,0.9431785702705383,0.3150991626177546,50
80,20,random_individual,13,0.08837547875351438,0.16462137185265338,0.9437244415283204,0.3123949904811889,50
80,20,random_individual,14,0.02519395043899867,0.19484615026636679,0.9528967398405075,0.3161650655480706,50
80,20,shapley_mean,0,0.20380866947095794,0.13906294487190862,0.9281563729047775,0.310016495439516,10
80,20,shapley_mean,1,0.19031791249599056,0.15088161193109012,0.9349968522787094,0.3156714603295339,10
80,20,shapley_mean,2,0.19089844600367917,0.1446741349666132,0.9362978607416153,0.31707718029281146,10
80,20,shapley_mean,3,0.17080072491520637,0.14920870107714226,0.9425671100616455,0.3253044735788701,10
80,20,shapley_mean,4,0.18253732347413526,0.15246816675448577,0.9342390239238739,0.3172615760802531,10
80,20,shapley_mean,5,0.18853042383137927,0.16069819183611772,0.9293361842632294,0.3166858520004416,10
80,20,shapley_mean,6,0.19354020322662807,0.17642331140572712,0.926074355840683,0.3109910933562824,10
80,20,shapley_mean,7,0.1892667842112694,0.17739781921584039,0.9237549722194671,0.3164767048198691,10
80,20,shapley_mean,8,0.19879936323900385,0.1701027024435469,0.9199916005134583,0.31827616105432505,10
80,20,shapley_mean,9,0.19214274035866558,0.15210685912554955,0.9219045877456665,0.32827396258633,10
80,20,shapley_mean,10,0.2035395118067364,0.15173483481416816,0.9213102489709855,0.33309194841499873,10
80,20,shapley_mean,11,0.18777348746958872,0.15345962027254734,0.9230141133069992,0.33150679488193363,10
80,20,shapley_mean,12,0.22018168934560772,0.1493908813876702,0.9188147246837616,0.32220353030929266,10
80,20,shapley_mean,13,0.1902013502068127,0.1680443063743034,0.9282871097326278,0.3196058313988912,10
80,20,shapley_mean,14,0.09281453747843307,0.1489370931256773,0.9481974482536316,0.3245122604879982,10
80,40,random_individual,0,0.1317338583376454,0.18926269416958988,0.9572111308574677,0.1875490619910952,50
80,40,random_individual,1,0.1259758815995498,0.17573209954337177,0.9597204053401946,0.18842672749904982,50
80,40,random_individual,2,0.12056787248287382,0.16852102450766787,0.9594279623031616,0.1852645470211835,50
80,40,random_individual,3,0.11576511796406297,0.16226468045826234,0.9592531096935272,0.18217391943964023,50
80,40,random_individual,4,0.1074676131081761,0.15170184001900958,0.9609171128273011,0.18189126138547027,50
80,40,random_individual,5,0.10700752258598094,0.152468330240963,0.9585048055648804,0.18257878802036445,50
80,40,random_individual,6,0.10902238434468492,0.14472070514613242,0.9545255255699158,0.1780875269961948,50
80,40,random_individual,7,0.08835461634805059,0.14197437689129727,0.9543776512145996,0.17578026822447593,50
80,40,random_individual,8,0.06395037831521604,0.14607941886385206,0.9543864727020264,0.17882350984783277,50
80,40,random_individual,9,0.06859184412983023,0.15220220081238012,0.9517528414726257,0.17724888329160968,50
80,40,random_individual,10,0.07163813551428494,0.16281615008203812,0.9475964033603668,0.17398220901416409,50
80,40,random_individual,11,0.041813931669664524,0.17404908041692443,0.9503979098796844,0.17689213198164655,50
80,40,random_individual,12,0.042321205879787584,0.1630385957991901,0.9516005063056946,0.17650465706186672,50
80,40,random_individual,13,0.016283226731174792,0.1622623403067342,0.9537834596633911,0.17544380430136716,50
80,40,random_individual,14,0.005233858553923808,0.17009285271596536,0.9585442447662353,0.17579781778144052,50
80,40,shapley_mean,0,0.13173385833764537,0.1974953165583795,0.9572111308574677,0.19570714413992504,10
80,40,shapley_mean,1,0.14106374735358276,0.18515579923157466,0.9532021820545197,0.19473378280234718,10
80,40,shapley_mean,2,0.16262432406155125,0.18228669922745566,0.9416843593120575,0.1934658507422018,10
80,40,shapley_mean,3,0.1433228209919682,0.18708422434337188,0.9481273889541626,0.19772722428470482,10
80,40,shapley_mean,4,0.14893682537870173,0.1750871141514285,0.945459532737732,0.1938416603422966,10
80,40,shapley_mean,5,0.14435513253814589,0.1719547444154942,0.9453234791755676,0.19331025094196666,10
80,40,shapley_mean,6,0.15641412141012154,0.14108125591048817,0.9384078025817871,0.1870963059840568,10
80,40,shapley_mean,7,0.17581569505855885,0.1501853690423026,0.9287962675094604,0.1893397456720104,10
80,40,shapley_mean,8,0.18306150367749013,0.16235927984961385,0.9237997949123382,0.19039319737036095,10
80,40,shapley_mean,9,0.1720942400505138,0.16039205665720524,0.9257339417934418,0.19169454451182294,10
80,40,shapley_mean,10,0.1589202282275009,0.15411390468620928,0.9275546491146087,0.18917957198800806,10
80,40,shapley_mean,11,0.1486943384455937,0.17904258587709274,0.9305098712444305,0.19504416155720883,10
80,40,shapley_mean,12,0.11792515320103776,0.14707773880108804,0.9392060875892639,0.19921960551860102,10
80,40,shapley_mean,13,0.05128001164239102,0.11598576977361713,0.9550669014453887,0.1918247308434094,10
80,40,shapley_mean,14,0.05462868778608014,0.12677175937792154,0.961753499507904,0.18525675816097564,10
80,80,random_individual,0,0.24223628505464778,0.09634295366573244,0.898281317949295,0.2393871101219646,50
80,80,random_individual,1,0.22911004786718475,0.09639028109480409,0.9012928473949432,0.23837407532001997,50
80,80,random_individual,2,0.21970241513360086,0.10408600196846525,0.904257538318634,0.23739889330337374,50
80,80,random_individual,3,0.21477430789618576,0.10921506377480474,0.9047225832939148,0.2359997260745355,50
80,80,random_individual,4,0.20443208467451449,0.12086047820900099,0.9054295194149017,0.23480516270391585,50
80,80,random_individual,5,0.19352811591710967,0.11856311040614115,0.9080198335647583,0.2361333440349997,50
80,80,random_individual,6,0.182412342075705,0.12038290098274326,0.9105250835418701,0.23738815155580303,50
80,80,random_individual,7,0.1758857578207639,0.13241531438779022,0.9105012571811676,0.2378707518283107,50
80,80,random_individual,8,0.17494325506053673,0.12619912038246436,0.9090974378585815,0.23736031569922678,50
80,80,random_individual,9,0.15523575377538076,0.13086850237215242,0.9142731535434723,0.23554603862407722,50
80,80,random_individual,10,0.15067250859280665,0.13570776203474785,0.9146409142017364,0.23397373924596798,50
80,80,random_individual,11,0.13959540173627702,0.1313088555511655,0.9134357309341431,0.2306269845305234,50
80,80,random_individual,12,0.10860903051742259,0.1318171809602308,0.9174486517906189,0.22807070186161574,50
80,80,random_individual,13,0.08360456631362904,0.13441174403549197,0.9163705468177795,0.2241856603727721,50
80,80,random_individual,14,0.06578197344697276,0.13859472447578758,0.9206344068050385,0.22211388693167886,50
80,80,shapley_mean,0,0.24223628505464778,0.10053371698985546,0.898281317949295,0.2498000638793056,10
80,80,shapley_mean,1,0.2531816227942378,0.11047638350984895,0.8923879086971283,0.25200908970755953,10
80,80,shapley_mean,2,0.265115998758607,0.10992423675923202,0.8876655042171478,0.2446189046468659,10
80,80,shapley_mean,3,0.26627114615400393,0.11382846867503686,0.8853438496589661,0.24316927228892735,10
80,80,shapley_mean,4,0.26827338030351255,0.08964288380408021,0.8840724170207978,0.25054196052102357,10
80,80,shapley_mean,5,0.24564185368015795,0.11422096837106986,0.8904293358325959,0.2542525939299093,10
80,80,shapley_mean,6,0.25069126508027545,0.11306169344583009,0.8889266014099121,0.2564910633530431,10
80,80,shapley_mean,7,0.264173679441763,0.11959443382041146,0.8861448049545289,0.2558120942644907,10
80,80,shapley_mean,8,0.2643988766477302,0.1015876494276227,0.8848490357398987,0.2517010158321189,10
80,80,shapley_mean,9,0.2540800529731341,0.09294604608619085,0.8877710044384003,0.24672598684112876,10
80,80,shapley_mean,10,0.22639198507169725,0.08394585416324366,0.8939550817012787,0.24805467488338448,10
80,80,shapley_mean,11,0.19649422909027217,0.10287700743857814,0.8996108412742615,0.24072776796087933,10
80,80,shapley_mean,12,0.2038873497425518,0.10845210593330092,0.8943570196628571,0.24081840972186871,10
80,80,shapley_mean,13,0.14749156875160585,0.10024007294890855,0.9103131711483001,0.23683146664053928,10
80,80,shapley_mean,14,0.16551334265695314,0.10650730767541924,0.9094830691814423,0.23470945538460797,10
80,150,random_individual,0,0.2401499701012382,0.1062445210424651,0.9481793165206909,0.22495047819845396,50
80,150,random_individual,1,0.23405432402570317,0.11515060414048811,0.9487625753879547,0.22245582829412439,50
80,150,random_individual,2,0.22772785158435313,0.1230586529691562,0.9507622623443603,0.223580437577977,50
80,150,random_individual,3,0.21994103530293935,0.12562159292955394,0.9531454372406006,0.22208567557910477,50
80,150,random_individual,4,0.21046343894049435,0.1289513134234906,0.9536676836013794,0.22005443779064243,50
80,150,random_individual,5,0.194517621550688,0.13305797832187558,0.9589081382751465,0.21450308046866895,50
80,150,random_individual,6,0.1914321491176174,0.13095928533716605,0.9556680119037628,0.20983988397949466,50
80,150,random_individual,7,0.1765559436257086,0.13324296788692408,0.959129136800766,0.2074028410658458,50
80,150,random_individual,8,0.1629262973972799,0.14371964709078805,0.9612762570381165,0.20630973059256963,50
80,150,random_individual,9,0.15914090415412463,0.14655097372358925,0.9618650305271149,0.20214715675731365,50
80,150,random_individual,10,0.1526423276015777,0.1374257890054326,0.9644191098213196,0.2030894783411691,50
80,150,random_individual,11,0.14363428147775673,0.1434084919516978,0.9650420451164246,0.1991988923926197,50
80,150,random_individual,12,0.1464214604516081,0.1307451712211887,0.9662320256233216,0.19660114320113473,50
80,150,random_individual,13,0.11772303680802475,0.1725559323998591,0.9705589723587036,0.19463020785946802,50
80,150,random_individual,14,0.07865849909763616,0.17892209084252692,0.9771210885047913,0.20045051648553,50
80,150,shapley_mean,0,0.24014997010123823,0.11086598660100075,0.9481793165206909,0.23473546171731954,10
80,150,shapley_mean,1,0.27135564538285295,0.10912876523394922,0.9384588539600373,0.22614248589400174,10
80,150,shapley_mean,2,0.27486609851748955,0.1010538723143523,0.9376645445823669,0.22499737052641816,10
80,150,shapley_mean,3,0.2840406695479692,0.11451127690167306,0.9348762810230256,0.22826947094098604,10
80,150,shapley_mean,4,0.2703353960786251,0.11409704075858176,0.9388301730155945,0.22841454913809026,10
80,150,shapley_mean,5,0.2775321192568332,0.10508516522478814,0.9361677944660187,0.2304897381668401,10
80,150,shapley_mean,6,0.28970128051377503,0.11701272480751182,0.9275935888290405,0.2225492921539035,10
80,150,shapley_mean,7,0.279376626590385,0.12323879255892187,0.9305860877037049,0.22252728421223894,10
80,150,shapley_mean,8,0.28417385430775305,0.1191335247696533,0.9311040699481964,0.22173154271682283,10
80,150,shapley_mean,9,0.2808070221686706,0.1148938281099053,0.932086443901062,0.22059118061069696,10
80,150,shapley_mean,10,0.2732370407352722,0.1160098296648089,0.9342138707637787,0.2186896608928072,10
80,150,shapley_mean,11,0.2901016114126648,0.12550020109220597,0.9299288034439087,0.2199780952634552,10
80,150,shapley_mean,12,0.28467378701340956,0.12299834724243953,0.9313223123550415,0.21999298706136605,10
80,150,shapley_mean,13,0.2744752465036574,0.09919173647665942,0.9382580757141114,0.20485313795511786,10
80,150,shapley_mean,14,0.20185516862821157,0.12777472909554563,0.9613002598285675,0.20780004411305233,10
150,10,random_individual,0,0.2319843465274993,0.11977957096807818,0.9391757309436798,0.23720202079308966,50
150,10,random_individual,1,0.2292203137503314,0.1225925432862023,0.9389760255813598,0.2365638402108207,50
150,10,random_individual,2,0.2218569365746163,0.12591543752546916,0.9410723865032196,0.2379972424659466,50
150,10,random_individual,3,0.22002930700951864,0.12621279328570412,0.9413608992099762,0.23848277765038434,50
150,10,random_individual,4,0.20854925275735275,0.11627227367090585,0.9423638164997101,0.23953184696042798,50
150,10,random_individual,5,0.19197176626241721,0.12446254829237322,0.9457273697853088,0.2397817779039555,50
150,10,random_individual,6,0.19054032449748337,0.13314480434911918,0.9424103736877442,0.23482612715250195,50
150,10,random_individual,7,0.17978408065023618,0.13550933043216407,0.9474576842784882,0.23462357053260297,50
150,10,random_individual,8,0.16270906707312174,0.14181652823442598,0.9520333337783814,0.24050436630520766,50
150,10,random_individual,9,0.15689004744088286,0.1480330575642326,0.9554766726493835,0.23941553626876994,50
150,10,random_individual,10,0.14805703191632877,0.15556882640000205,0.956177853345871,0.23928919791265377,50
150,10,random_individual,11,0.13101470008897276,0.14139816355614865,0.961443350315094,0.24289022682027359,50
150,10,random_individual,12,0.1131718386016561,0.15582447104109096,0.964576541185379,0.24724109189998508,50
150,10,random_individual,13,0.0982771619207901,0.13905748896056114,0.9723136365413666,0.2524891685268224,50
150,10,random_individual,14,0.0540868773092597,0.16892688529827554,0.9814883983135223,0.24857730503012354,50
150,10,shapley_mean,0,0.23198434652749933,0.12498978940017878,0.9391757309436798,0.24751992668371123,10
150,10,shapley_mean,1,0.23524685504565532,0.12778180793117233,0.9381253182888031,0.243283551618734,10
150,10,shapley_mean,2,0.22730487359252155,0.13254914500573803,0.9393490433692933,0.24426607565835984,10
150,10,shapley_mean,3,0.23542044709345547,0.16285331099962433,0.9336720466613769,0.2419238484746029,10
150,10,shapley_mean,4,0.21916990465493677,0.16476036037761357,0.9349841833114624,0.24596577247684986,10
150,10,shapley_mean,5,0.21703450762550314,0.1683744834042615,0.9346176624298096,0.24135585563979484,10
150,10,shapley_mean,6,0.22128467951076874,0.1682842077560628,0.9314360082149505,0.23850584928802288,10
150,10,shapley_mean,7,0.23017260178933122,0.1503093660435786,0.9307637453079224,0.24205671539277832,10
150,10,shapley_mean,8,0.23053906290061663,0.1417192099392936,0.9326282501220703,0.2452402694031606,10
150,10,shapley_mean,9,0.23440682833684448,0.14488685116004746,0.9292527914047242,0.24176689660067982,10
150,10,shapley_mean,10,0.2386218350807602,0.12868537744442213,0.9294158339500427,0.24472600980361864,10
150,10,shapley_mean,11,0.18984430181689435,0.16792710080364634,0.9403867661952973,0.24327405007266606,10
150,10,shapley_mean,12,0.20577492590279337,0.15881480805223208,0.9424322128295899,0.2453033013932966,10
150,10,shapley_mean,13,0.18199519152634358,0.18290361177396125,0.9433728575706481,0.24479817006992946,10
150,10,shapley_mean,14,0.1560046026042878,0.15085451424443372,0.9563107013702392,0.2554609176762098,10
150,20,random_individual,0,0.20380866947095794,0.1332660848078115,0.9281563729047775,0.29709341054957616,50
150,20,random_individual,1,0.19289654211600948,0.13343233407947008,0.9315429347753524,0.295179370395141,50
150,20,random_individual,2,0.1870254001275646,0.1368375898340452,0.9329261541366577,0.2953578665040801,50
150,20,random_individual,3,0.18171028009385992,0.14188332348331337,0.9322708088159561,0.2936553961335884,50
150,20,random_individual,4,0.17628779364722774,0.15640803314167986,0.9304209339618683,0.28990711980671774,50
150,20,random_individual,5,0.17304308418986936,0.15520223564331412,0.9297575068473816,0.28960546725914427,50
150,20,random_individual,6,0.15846631856384658,0.15711092206971317,0.9323913896083832,0.2940529249633328,50
150,20,random_individual,7,0.14829522843694376,0.161717758105666,0.9319862061738968,0.2963625055449232,50
150,20,random_individual,8,0.1368462597962858,0.1515351072864154,0.9332951253652573,0.3027623627752576,50
150,20,random_individual,9,0.12267085575966397,0.14720861045508254,0.9372552675008774,0.30184807204815145,50
150,20,random_individual,10,0.11854536912195825,0.1497075051875544,0.9392883986234665,0.30412836836018053,50
150,20,random_individual,11,0.09358382630231471,0.1437685383055337,0.9431004327535629,0.3136672318187097,50
150,20,random_individual,12,0.08831647812244611,0.138445724357288,0.9431785702705383,0.3150991626177546,50
150,20,random_individual,13,0.08865818770000145,0.1642536540714862,0.9435451865196228,0.3124544362963762,50
150,20,random_individual,14,0.03375419954669994,0.19229985884167405,0.9518858128786087,0.3166116520582888,50
150,20,shapley_mean,0,0.20380866947095794,0.13906294487190862,0.9281563729047775,0.310016495439516,10
150,20,shapley_mean,1,0.19512717324739348,0.14521020161763323,0.9337184995412826,0.31554935948334883,10
150,20,shapley_mean,2,0.1847223881293169,0.14552874975524235,0.9371526926755905,0.31557084128639307,10
150,20,shapley_mean,3,0.17080072491520637,0.14920870107714226,0.9425671100616455,0.3253044735788701,10
150,20,shapley_mean,4,0.18253732347413526,0.15246816675448577,0.9342390239238739,0.3172615760802531,10
150,20,shapley_mean,5,0.1914138767067808,0.1537126859832357,0.929139244556427,0.31681619404223166,10
150,20,shapley_mean,6,0.1926019698655378,0.17692040407625728,0.9254559367895127,0.31203714397491106,10
150,20,shapley_mean,7,0.18604040139011477,0.17368443326929825,0.9249872326850891,0.3152464604895676,10
150,20,shapley_mean,8,0.2030558698042743,0.1678754392473965,0.9195211678743362,0.31903160549216836,10
150,20,shapley_mean,9,0.19611694940693547,0.15917322614750934,0.9200205504894257,0.32845295708413846,10
150,20,shapley_mean,10,0.20531603447447444,0.14808669123705775,0.9208834439516067,0.33343446349350686,10
150,20,shapley_mean,11,0.19542146161398186,0.1567505563044885,0.9192360490560532,0.3235337800523334,10
150,20,shapley_mean,12,0.22018168934560772,0.1493908813876702,0.9188147246837616,0.32220353030929266,10
150,20,shapley_mean,13,0.19107688116566038,0.168164340193098,0.9296076625585556,0.3190646422700277,10
150,20,shapley_mean,14,0.09025947638349967,0.13432612031155997,0.9487376272678375,0.3224251975367809,10
150,40,random_individual,0,0.1317338583376454,0.18926269416958988,0.9572111308574677,0.1875490619910952,50
150,40,random_individual,1,0.12815980939368668,0.18668769642163596,0.9575815427303315,0.18778740914962827,50
150,40,random_individual,2,0.11957364513002976,0.16699327586772852,0.9603449392318726,0.18578677342260608,50
150,40,random_individual,3,0.11576511796406297,0.16226468045826234,0.9592531096935272,0.18217391943964023,50
150,40,random_individual,4,0.1072787693329822,0.1514436812528097,0.9609413957595825,0.18183392798824657,50
150,40,random_individual,5,0.10700752258598094,0.152468330240963,0.9585048055648804,0.18257878802036445,50
150,40,random_individual,6,0.10902238434468492,0.14472070514613242,0.9545255255699158,0.1780875269961948,50
150,40,random_individual,7,0.08835461634805059,0.14197437689129727,0.9543776512145996,0.17578026822447593,50
150,40,random_individual,8,0.07158323622872015,0.14614242230344374,0.9518985843658447,0.17782899650825618,50
150,40,random_individual,9,0.06893642523891161,0.15464367332129353,0.9519447243213653,0.17743931421060952,50
150,40,random_individual,10,0.07094834274633816,0.1643233983336123,0.9476269257068634,0.17396497216097845,50
150,40,random_individual,11,0.041388402790628546,0.1735062188064518,0.9505668926239014,0.17688899770129238,50
150,40,random_individual,12,0.042321205879787584,0.1630385957991901,0.9516005063056946,0.17650465706186672,50
150,40,random_individual,13,0.012872098763889499,0.16409490801415427,0.9540377104282379,0.17644242778917504,50
150,40,random_individual,14,0.006374428897176917,0.16980759975342463,0.9585736823081971,0.17574891365967563,50
150,40,shapley_mean,0,0.13173385833764537,0.1974953165583795,0.9572111308574677,0.19570714413992504,10
150,40,shapley_mean,1,0.15203305307171305,0.18457642176145836,0.9495679318904877,0.19236048687297203,10
150,40,shapley_mean,2,0.15756912744331858,0.174498600547624,0.9447640240192413,0.19540551113954693,10
150,40,shapley_mean,3,0.1433228209919682,0.18708422434337188,0.9481273889541626,0.19772722428470482,10
150,40,shapley_mean,4,0.15093821711284416,0.17703391229548623,0.9448728799819947,0.1949530584518148,10
150,40,shapley_mean,5,0.14435513253814589,0.1719547444154942,0.9453234791755676,0.19331025094196666,10
150,40,shapley_mean,6,0.15641412141012154,0.14108125591048817,0.9384078025817871,0.1870963059840568,10
150,40,shapley_mean,7,0.17581569505855885,0.1501853690423026,0.9287962675094604,0.1893397456720104,10
150,40,shapley_mean,8,0.1757116845081548,0.16534336106684308,0.9259004652500152,0.18971633100279445,10
150,40,shapley_mean,9,0.1734037918027676,0.15795278853667222,0.9250886619091034,0.1912252682800298,10
150,40,shapley_mean,10,0.1540279404175603,0.16367543917029273,0.9289775788784027,0.19006760114413274,10
150,40,shapley_mean,11,0.1381569314987253,0.1723185145359587,0.932815432548523,0.19569339547567988,10
150,40,shapley_mean,12,0.11792515320103776,0.14707773880108804,0.9392060875892639,0.19921960551860102,10
150,40,shapley_mean,13,0.09147075030490992,0.10672056590026559,0.949707955121994,0.18587213226158666,10
150,40,shapley_mean,14,0.06000673254764283,0.131969673467878,0.9560205638408661,0.1938671846505748,10
150,80,random_individual,0,0.24223628505464778,0.09634295366573244,0.898281317949295,0.2393871101219646,50
150,80,random_individual,1,0.22911004786718475,0.09639028109480409,0.9012928473949432,0.23837407532001997,50
150,80,random_individual,2,0.21881278302633878,0.10305581552340724,0.9045084965229034,0.23737176529150883,50
150,80,random_individual,3,0.21477430789618576,0.10921506377480474,0.9047225832939148,0.2359997260745355,50
150,80,random_individual,4,0.20443208467451449,0.12086047820900099,0.9054295194149017,0.23480516270391585,50
150,80,random_individual,5,0.19352811591710967,0.11856311040614115,0.9080198335647583,0.2361333440349997,50
150,80,random_individual,6,0.182412342075705,0.12038290098274326,0.9105250835418701,0.23738815155580303,50
150,80,random_individual,7,0.17297391064474632,0.13737547415416312,0.9104427671432496,0.23788038917512214,50
150,80,random_individual,8,0.17553113856231153,0.12877916307703863,0.9092573881149292,0.2376215835670066,50
150,80,random_individual,9,0.1556758981201939,0.13395062197826393,0.9135291755199433,0.23459985542829623,50
150,80,random_individual,10,0.1494728935317369,0.13706161961671673,0.9150217950344086,0.23407885364025696,50
150,80,random_individual,11,0.14309980793342839,0.12930890306238224,0.9131506299972534,0.23102350054065154,50
150,80,random_individual,12,0.10213577313585308,0.13106045186891865,0.9177860534191131,0.22505355297412105,50
150,80,random_individual,13,0.08360456631362904,0.13441174403549197,0.9163705468177795,0.2241856603727721,50
150,80,random_individual,14,0.07174121059155288,0.1517819752306482,0.9187690126895904,0.22452904317393985,50
150,80,shapley_mean,0,0.24223628505464778,0.10053371698985546,0.898281317949295,0.2498000638793056,10
150,80,shapley_mean,1,0.2531816227942378,0.11047638350984895,0.8923879086971283,0.25200908970755953,10
150,80,shapley_mean,2,0.26470496677470984,0.10927138107969993,0.8880074858665467,0.24457188652540068,10
150,80,shapley_mean,3,0.26627114615400393,0.11382846867503686,0.8853438496589661,0.24316927228892735,10
150,80,shapley_mean,4,0.26827338030351255,0.08964288380408021,0.8840724170207978,0.25054196052102357,10
150,80,shapley_mean,5,0.24564185368015795,0.11422096837106986,0.8904293358325959,0.2542525939299093,10
150,80,shapley_mean,6,0.25069126508027545,0.11306169344583009,0.8889266014099121,0.2564910633530431,10
150,80,shapley_mean,7,0.26352657193347395,0.12041277588264762,0.8859794974327088,0.2557976721399147,10
150,80,shapley_mean,8,0.25319015281103463,0.1108742344216766,0.8884112477302551,0.2566068381822295,10
150,80,shapley_mean,9,0.24842724782527373,0.09646246865217521,0.8891489326953887,0.2486147635504563,10
150,80,shapley_mean,10,0.22568494545174095,0.08399451492075198,0.8938987076282501,0.24805556874831183,10
150,80,shapley_mean,11,0.2011640598497595,0.10730734785598017,0.8971003115177154,0.24182435948623737,10
150,80,shapley_mean,12,0.19489726650949765,0.10158063976081394,0.898074871301651,0.23843748703232265,10
150,80,shapley_mean,13,0.14749156875160585,0.10024007294890855,0.9103131711483001,0.23683146664053928,10
150,80,shapley_mean,14,0.12840095429016224,0.1371529012090918,0.916952657699585,0.22485017348818953,10
150,150,random_individual,0,0.2401499701012382,0.1062445210424651,0.9481793165206909,0.22495047819845396,50
150,150,random_individual,1,0.23281254908988028,0.11493322397969959,0.9498732364177704,0.2231592980663351,50
150,150,random_individual,2,0.22686524325055438,0.12258186709334053,0.9509655964374543,0.2236633074222435,50
150,150,random_individual,3,0.2243566723650874,0.12287633843669368,0.9517774462699891,0.22402939028451346,50
150,150,random_individual,4,0.21098726226631453,0.1290559416566279,0.9536962044239045,0.22066779473717027,50
150,150,random_individual,5,0.19579031540453876,0.13045969505831723,0.9583771252632141,0.2160493676910308,50
150,150,random_individual,6,0.1914321491176174,0.13095928533716605,0.9556680119037628,0.20983988397949466,50
150,150,random_individual,7,0.1765559436257086,0.13324296788692408,0.959129136800766,0.2074028410658458,50
150,150,random_individual,8,0.16452569236711928,0.14095100713810424,0.9611270415782929,0.20658982975253048,50
150,150,random_individual,9,0.15639440098586618,0.14707103271253572,0.9635137724876404,0.20352136442784657,50
150,150,random_individual,10,0.15092369343898,0.1394765162934208,0.9647399055957794,0.20257819864347093,50
150,150,random_individual,11,0.14400090744931174,0.14198508758246844,0.965134516954422,0.1990457171683733,50
150,150,random_individual,12,0.13687245108359258,0.13849185259370664,0.9678102648258209,0.19455835398195076,50
150,150,random_individual,13,0.11323450647899078,0.16564097839162356,0.9718313503265381,0.19584408685417362,50
150,150,random_individual,14,0.07514958090889153,0.1826651308288371,0.9774031829833985,0.20035163210017726,50
150,150,shapley_mean,0,0.24014997010123823,0.11086598660100075,0.9481793165206909,0.23473546171731954,10
150,150,shapley_mean,1,0.2641306212877239,0.11070350770948598,0.942563945055008,0.22922258037949722,10
150,150,shapley_mean,2,0.278136709408336,0.10668085489903331,0.9368655860424042,0.22500823869568726,10
150,150,shapley_mean,3,0.2718101664373282,0.1130586300878711,0.9374576568603515,0.2242991888167967,10
150,150,shapley_mean,4,0.26858417057885764,0.11344544355771913,0.9403451204299926,0.22814655224920394,10
150,150,shapley_mean,5,0.269854415651,0.10198471781932283,0.9389109432697296,0.2274213989622358,10
150,150,shapley_mean,6,0.28970128051377503,0.11701272480751182,0.9275935888290405,0.2225492921539035,10
150,150,shapley_mean,7,0.279376626590385,0.12323879255892187,0.9305860877037049,0.22252728421223894,10
150,150,shapley_mean,8,0.2877387462986821,0.11702357417159087,0.9288040637969971,0.21924778884359356,10
150,150,shapley_mean,9,0.2887816871533103,0.11452534760619874,0.9293495297431946,0.217849781874873,10
150,150,shapley_mean,10,0.2753583426876351,0.10683804921458918,0.9336836874485016,0.21875597766757945,10
150,150,shapley_mean,11,0.2852728195458879,0.1232408317229841,0.9308599770069123,0.21853992844923167,10
150,150,shapley_mean,12,0.277148265579794,0.12235289279844948,0.9330992102622986,0.21840850467421638,10
150,150,shapley_mean,13,0.27048704932480117,0.08061922361392913,0.9353540599346161,0.21493499896063342,10
150,150,shapley_mean,14,0.2200584490663972,0.11824715919306744,0.960004472732544,0.20831880849084122,10
