n_permutations,cal_fraction,method,n_removed,corr_mean,corr_std,mse_mean,mse_std,n_rows
10,0.05,random_individual,0,0.16216391956601073,0.03408972791097763,0.9600892066955566,0.0874466849774437,50
10,0.05,random_individual,1,0.1609715060544569,0.040043205424927106,0.960663628578186,0.08701291122470409,50
10,0.05,random_individual,2,0.15763260670393014,0.04059434395667692,0.9626782083511353,0.08820153827969487,50
10,0.05,random_individual,3,0.15156898932743407,0.047825882304952744,0.9649516773223877,0.08814493925082953,50
10,0.05,random_individual,4,0.15059131166298245,0.051344893618028443,0.9655908954143524,0.08762748296165564,50
10,0.05,random_individual,5,0.14514626306575046,0.058690583429186614,0.9688040089607238,0.09044912238420227,50
10,0.05,random_individual,6,0.13354281228206014,0.05969807043015428,0.9729308521747589,0.09236274005549545,50
10,0.05,random_individual,7,0.12785507691737907,0.06223581462304547,0.9761363995075226,0.09205923455056934,50
10,0.05,random_individual,8,0.12142776625874131,0.06699589047449855,0.9787546122074127,0.09249961844593435,50
10,0.05,random_individual,9,0.10998750955633624,0.07266650863537769,0.982645274400711,0.0905083940306037,50
10,0.05,random_individual,10,0.09301678693927246,0.08274792747813857,0.9878223299980163,0.0905549235839052,50
10,0.05,random_individual,11,0.07800925783830541,0.09032537323623374,0.9928296864032745,0.0897346487804571,50
10,0.05,random_individual,12,0.07818325032802231,0.09883147492740446,0.9946236264705658,0.08862905686931809,50
10,0.05,random_individual,13,0.070454619961163,0.09925227850814047,0.9989130640029907,0.0914010905448105,50
10,0.05,random_individual,14,0.039228468103333136,0.09553001634067923,1.0067514300346374,0.09369889981493315,50
10,0.05,shapley_mean,0,0.1621639195660107,0.035572576173595015,0.9600892066955566,0.09125047494106776,10
10,0.05,shapley_mean,1,0.13766257085754668,0.045274195507847746,0.9698336303234101,0.09610871507756072,10
10,0.05,shapley_mean,2,0.13849588210311978,0.04339209906127641,0.9700439393520355,0.09503282705853204,10
10,0.05,shapley_mean,3,0.1286955913306499,0.05309815802336681,0.9748436331748962,0.09535435534530673,10
10,0.05,shapley_mean,4,0.12426480595926462,0.06501897512011373,0.976543766260147,0.09358390973813709,10
10,0.05,shapley_mean,5,0.1249100674239294,0.07033206045522376,0.9766141235828399,0.09355597608701746,10
10,0.05,shapley_mean,6,0.12404545473441966,0.07205220882284026,0.9787324607372284,0.09769785071833811,10
10,0.05,shapley_mean,7,0.12637307770427345,0.06819737327107897,0.9789267301559448,0.09803207899962486,10
10,0.05,shapley_mean,8,0.11241620756532941,0.061892092988051615,0.9835319459438324,0.09766400742050001,10
10,0.05,shapley_mean,9,0.09810214433895359,0.06197291966156605,0.9877999901771546,0.09639757821846918,10
10,0.05,shapley_mean,10,0.08974969798358011,0.07383250245419076,0.9903707265853882,0.09194990448958264,10
10,0.05,shapley_mean,11,0.07600702689897643,0.06366487636713652,0.9938036203384399,0.09093636785438974,10
10,0.05,shapley_mean,12,0.07982740255020312,0.056404917883938484,0.9930382549762726,0.09732495305910413,10
10,0.05,shapley_mean,13,0.08931472878667422,0.037689981172480874,0.9922790765762329,0.09460990285427862,10
10,0.05,shapley_mean,14,0.07574557151359315,0.05608830197525647,1.0006826937198638,0.09403082502666486,10
10,0.1,random_individual,0,0.14039335393188787,0.04063605697762702,0.9634826481342316,0.07549345801948965,50
10,0.1,random_individual,1,0.13741357222488548,0.04174026446660988,0.9646923351287842,0.07577037298193881,50
10,0.1,random_individual,2,0.1319855818892994,0.04246518744779258,0.9666743099689483,0.07451631504218006,50
10,0.1,random_individual,3,0.12940714899269368,0.04912750786993484,0.9678175461292267,0.07458584391381555,50
10,0.1,random_individual,4,0.12461103737693321,0.05227957761780645,0.9696216428279877,0.07521863105838973,50
10,0.1,random_individual,5,0.11999112805212477,0.05053107380410984,0.9716328084468842,0.07683147774013892,50
10,0.1,random_individual,6,0.11361083521038826,0.050084433616729505,0.9738828098773956,0.079672140467842,50
10,0.1,random_individual,7,0.10312148431985028,0.053282033126003304,0.9778056585788727,0.08191817726837569,50
10,0.1,random_individual,8,0.09442314027765765,0.06885950516547965,0.980899977684021,0.08063810505289562,50
10,0.1,random_individual,9,0.09290039856797605,0.08367092563193426,0.981734836101532,0.08097222081292729,50
10,0.1,random_individual,10,0.08282712738511683,0.09728340420369282,0.985251282453537,0.08068308668954446,50
10,0.1,random_individual,11,0.07826552378179662,0.10343291265433116,0.9867697155475617,0.080206728866825,50
10,0.1,random_individual,12,0.06903317332401321,0.10603515362848742,0.9900402045249939,0.07996650585756387,50
10,0.1,random_individual,13,0.052024233407177566,0.09484066722358012,0.9938324129581452,0.08090533936565329,50
10,0.1,random_individual,14,0.03946730427823692,0.09280569236820457,1.004186977148056,0.08485139725446933,50
10,0.1,shapley_mean,0,0.14039335393188787,0.04240366001178002,0.9634826481342316,0.07877730186111592,10
10,0.1,shapley_mean,1,0.12223524926979872,0.038993692974545906,0.9691660881042481,0.08056282130548725,10
10,0.1,shapley_mean,2,0.10931906447393788,0.048141320813241475,0.9740346074104309,0.0849221241405667,10
10,0.1,shapley_mean,3,0.10202258613551196,0.043902724344764936,0.9770828247070312,0.08236896708943553,10
10,0.1,shapley_mean,4,0.10097356160577933,0.03466714794847368,0.9781806409358978,0.08503176253715712,10
10,0.1,shapley_mean,5,0.11680367085195595,0.05123749530735572,0.974191027879715,0.08194252257984108,10
10,0.1,shapley_mean,6,0.11225460048048497,0.05687365988882984,0.9753014504909515,0.0780516855350764,10
10,0.1,shapley_mean,7,0.11993973529299443,0.07417949637784592,0.9735272049903869,0.0796622677869062,10
10,0.1,shapley_mean,8,0.10906570996253784,0.07107650554948892,0.9770680725574493,0.0796899053998621,10
10,0.1,shapley_mean,9,0.09903781295753758,0.08735829634862438,0.9788468956947327,0.08362427170653543,10
10,0.1,shapley_mean,10,0.10533960447410606,0.08279467340519711,0.9789408326148987,0.0819052699619679,10
10,0.1,shapley_mean,11,0.09429201025166652,0.06917858384648169,0.9809571266174316,0.0870221997180426,10
10,0.1,shapley_mean,12,0.10916019875721177,0.07843342056893088,0.9793560028076171,0.08884515266197976,10
10,0.1,shapley_mean,13,0.10557279721648163,0.0425095024905682,0.981007170677185,0.08821678077709592,10
10,0.1,shapley_mean,14,0.08503848697943435,0.05612490370925281,0.990177983045578,0.08992527996972241,10
10,0.15,random_individual,0,0.16441455986082373,0.03380944651096708,1.0219094157218933,0.046279978592564386,50
10,0.15,random_individual,1,0.16255961430321134,0.03630097666474401,1.0231476414203644,0.04643374272869094,50
10,0.15,random_individual,2,0.1565976436023221,0.041456753144339324,1.0264743614196776,0.047760303956297386,50
10,0.15,random_individual,3,0.150277287376771,0.03969113364068262,1.0295236575603486,0.046698993090058614,50
10,0.15,random_individual,4,0.14972574739319466,0.045015133244156895,1.0307920169830322,0.04867765204854534,50
10,0.15,random_individual,5,0.14556815462470407,0.046806483301180694,1.0333550548553467,0.0494869621144718,50
10,0.15,random_individual,6,0.13799647659693776,0.04900173350054691,1.0369330489635467,0.048674525016719386,50
10,0.15,random_individual,7,0.12475437730338589,0.06029908449386019,1.0411190235614776,0.049583147624959925,50
10,0.15,random_individual,8,0.1271934194986843,0.06748054860005119,1.0420181846618652,0.049443447770512655,50
10,0.15,random_individual,9,0.11041470551757651,0.06816784094615777,1.0476719748973846,0.04683385398929842,50
10,0.15,random_individual,10,0.09076643123440328,0.07773213927412409,1.0534429156780243,0.048079189498945005,50
10,0.15,random_individual,11,0.07475640574030609,0.0811103692392573,1.0576222825050354,0.04670458448124306,50
10,0.15,random_individual,12,0.062839013236299,0.08437028985837498,1.0619003009796142,0.0453573011018902,50
10,0.15,random_individual,13,0.0520262929410012,0.09501921384895201,1.0641496098041534,0.04689830004355836,50
10,0.15,random_individual,14,0.04232455245050651,0.08466324451801803,1.0714994430541993,0.04915334777252771,50
10,0.15,shapley_mean,0,0.16441455986082376,0.03528010298407722,1.0219094157218933,0.04829308312743089,10
10,0.15,shapley_mean,1,0.15933887185997747,0.03410095070451633,1.0244035840034484,0.048465858739682406,10
10,0.15,shapley_mean,2,0.1553878537240062,0.04866211504200178,1.026992267370224,0.051344206065591244,10
10,0.15,shapley_mean,3,0.15217560082084786,0.06047896082878381,1.0297402262687683,0.05252324425452214,10
10,0.15,shapley_mean,4,0.126528216050821,0.04579202082609339,1.0396310269832612,0.049721541718935225,10
10,0.15,shapley_mean,5,0.13574190014034795,0.06337185381062918,1.0387262105941772,0.047287967036703835,10
10,0.15,shapley_mean,6,0.13026998940739962,0.06376216905693242,1.0405825316905974,0.05046580358567093,10
10,0.15,shapley_mean,7,0.12364900264269754,0.07352476591022805,1.0434307038784028,0.056139845804741365,10
10,0.15,shapley_mean,8,0.11679213392628499,0.063052416982305,1.0449773848056794,0.05552855080689374,10
10,0.15,shapley_mean,9,0.11889416747166244,0.053206572597222085,1.04436953663826,0.05162210700694811,10
10,0.15,shapley_mean,10,0.11610061787447556,0.03858701532537064,1.0472457587718964,0.05109271744014935,10
10,0.15,shapley_mean,11,0.09787828532248732,0.06380625943794814,1.048347717523575,0.055972174059407055,10
10,0.15,shapley_mean,12,0.0754994760779836,0.08850937955229218,1.053471839427948,0.055399053163747373,10
10,0.15,shapley_mean,13,0.06037686228601963,0.10845194577919083,1.057100886106491,0.05499543785946774,10
10,0.15,shapley_mean,14,0.06776744594115597,0.10132798916037485,1.0619625091552733,0.04433917496863631,10
10,0.2,random_individual,0,0.1710149089099307,0.035619075022065856,0.9753442704677582,0.04937950795605177,50
10,0.2,random_individual,1,0.16658936628408608,0.04157029115261195,0.9774015569686889,0.049793981668782315,50
10,0.2,random_individual,2,0.1646549353932475,0.04417703400113185,0.9794885385036468,0.051142654059050545,50
10,0.2,random_individual,3,0.16092022032687417,0.04425398515561926,0.9813078248500824,0.05041657763942223,50
10,0.2,random_individual,4,0.15612535868646168,0.04774089489751927,0.9837267851829529,0.049523419802629566,50
10,0.2,random_individual,5,0.13856747957265692,0.047777801192341804,0.9899210166931153,0.052302784935393004,50
10,0.2,random_individual,6,0.12526926214982456,0.0560333830056621,0.9946014225482941,0.05505251099179955,50
10,0.2,random_individual,7,0.11139467409785579,0.05435825408755516,0.9994153666496277,0.05440429351030696,50
10,0.2,random_individual,8,0.10054369480603631,0.054807581658778054,1.0034238767623902,0.05356157717008587,50
10,0.2,random_individual,9,0.0918478585311936,0.05911042010679176,1.0065682578086852,0.0525905912459173,50
10,0.2,random_individual,10,0.10076839162402086,0.060262695609788475,1.0057411193847656,0.05342382667217362,50
10,0.2,random_individual,11,0.09332035589624077,0.06838956821724804,1.0106023478507995,0.05644563179160058,50
10,0.2,random_individual,12,0.06655695738291946,0.07454245497864707,1.01825843334198,0.05653095794356974,50
10,0.2,random_individual,13,0.047136377866091345,0.07523376330119254,1.0228729891777038,0.057299811099292816,50
10,0.2,random_individual,14,0.042414879495960955,0.0738535874122314,1.0256643092632294,0.056921482667011025,50
10,0.2,shapley_mean,0,0.1710149089099307,0.037168447421001914,0.9753442704677582,0.05152743702643759,10
10,0.2,shapley_mean,1,0.15748634926168292,0.044334215858858876,0.9807894408702851,0.056297339117577644,10
10,0.2,shapley_mean,2,0.1542869016361925,0.04910665240686654,0.9827690839767456,0.05770109734268258,10
10,0.2,shapley_mean,3,0.14062359981152556,0.039722298012436597,0.9885007202625274,0.05833298967412136,10
10,0.2,shapley_mean,4,0.13760358191312352,0.049223967823556106,0.989709222316742,0.06199799141409148,10
10,0.2,shapley_mean,5,0.15486829837971222,0.053992693654684176,0.9864630997180939,0.059371751880395604,10
10,0.2,shapley_mean,6,0.15461864627932284,0.05830441175831608,0.9871993720531463,0.05707812309266139,10
10,0.2,shapley_mean,7,0.15327002154633734,0.06516605868070624,0.9871086001396179,0.058336560666525906,10
10,0.2,shapley_mean,8,0.15712947693179788,0.0658761467100121,0.9872591972351075,0.056030991582763326,10
10,0.2,shapley_mean,9,0.1673468381855427,0.0397871536533033,0.9866861939430237,0.057568242763046326,10
10,0.2,shapley_mean,10,0.1349356249261104,0.06323355218292026,0.9950460016727447,0.059135763177203454,10
10,0.2,shapley_mean,11,0.14723688344331426,0.0489077277877338,0.9936045169830322,0.05880019313664463,10
10,0.2,shapley_mean,12,0.1432381935191847,0.055388171037382104,0.9958567559719086,0.05862209544695531,10
10,0.2,shapley_mean,13,0.12934571604267228,0.040834032507765586,1.0005355656147004,0.05498708109376846,10
10,0.2,shapley_mean,14,0.10606037802862207,0.03951692157304939,1.0116934835910798,0.053246091209797224,10
10,0.25,random_individual,0,0.15120179385518587,0.0214327079844073,0.9650925695896149,0.08278598826244991,50
10,0.25,random_individual,1,0.14840580497130096,0.02460552147260029,0.9662352800369263,0.08324393412625641,50
10,0.25,random_individual,2,0.1487147346608465,0.026015740828452857,0.9667388463020324,0.08277635358252654,50
10,0.25,random_individual,3,0.14657476342370648,0.029484609005545667,0.9677608335018157,0.08175110470801392,50
10,0.25,random_individual,4,0.1428227176846127,0.03887614395115974,0.9701489520072937,0.08149847041672927,50
10,0.25,random_individual,5,0.13468491688329043,0.04128638554003348,0.9727020406723023,0.08252443455153184,50
10,0.25,random_individual,6,0.12717446314519482,0.05023092200602203,0.9771613490581512,0.08415903732432056,50
10,0.25,random_individual,7,0.1272635568102975,0.05561752485300485,0.9785147786140442,0.0824268618507373,50
10,0.25,random_individual,8,0.11761537238393605,0.05975659078412474,0.9830175459384918,0.08446423746881246,50
10,0.25,random_individual,9,0.09517364204531979,0.06699893245265849,0.9888630509376526,0.08262518283374141,50
10,0.25,random_individual,10,0.08775599838664251,0.06988959691751037,0.9919840669631959,0.08095031197985562,50
10,0.25,random_individual,11,0.0647789729006823,0.08069111359666555,0.9973653435707093,0.08396753993420122,50
10,0.25,random_individual,12,0.05776072740360274,0.08771423772108931,0.9994799733161926,0.08598493199218527,50
10,0.25,random_individual,13,0.033798682311618526,0.09896455556461461,1.0032271993160249,0.08471320783738856,50
10,0.25,random_individual,14,0.02633207145497044,0.09514593527677308,1.016653550863266,0.08449056577629355,50
10,0.25,shapley_mean,0,0.15120179385518587,0.022364996264350682,0.9650925695896149,0.08638704542502426,10
10,0.25,shapley_mean,1,0.1310935184482859,0.03395675943366471,0.9721976041793823,0.08739640003506757,10
10,0.25,shapley_mean,2,0.11019528224180382,0.0534507328039623,0.9781700372695923,0.08314342339337416,10
10,0.25,shapley_mean,3,0.10356196393898931,0.05776509804865331,0.9807462751865387,0.08324444449945494,10
10,0.25,shapley_mean,4,0.1002722838595137,0.0583986704690317,0.9814699709415435,0.08427213537617363,10
10,0.25,shapley_mean,5,0.10051936066261483,0.0568905825535308,0.9827836930751801,0.08746900643663547,10
10,0.25,shapley_mean,6,0.0989789674607893,0.06313914855027622,0.9830559849739074,0.08730741806225424,10
10,0.25,shapley_mean,7,0.09198981132308223,0.07136777996111586,0.9847511649131775,0.08439854439904514,10
10,0.25,shapley_mean,8,0.121887707344103,0.07477263524431266,0.9813810229301453,0.0846477721687026,10
10,0.25,shapley_mean,9,0.1417920924014932,0.07681422865450518,0.977824079990387,0.08535994069864289,10
10,0.25,shapley_mean,10,0.13391412002741646,0.04809166167112614,0.9817147076129913,0.08414871104345911,10
10,0.25,shapley_mean,11,0.14864243557704535,0.05141069780664059,0.9794614374637604,0.08141497344428648,10
10,0.25,shapley_mean,12,0.14240229278254768,0.06317904346093738,0.9820344984531403,0.082083728113793,10
10,0.25,shapley_mean,13,0.13377369438169093,0.0714235891852449,0.9871809303760528,0.08604290518862019,10
10,0.25,shapley_mean,14,0.0985879907102893,0.07625122748873377,1.0034250140190124,0.08340465064690904,10
25,0.05,random_individual,0,0.16216391956601073,0.03408972791097763,0.9600892066955566,0.0874466849774437,50
25,0.05,random_individual,1,0.1610371751718655,0.04009084861428874,0.9606477689743042,0.08704721770479801,50
25,0.05,random_individual,2,0.15763260670393014,0.04059434395667692,0.9626782083511353,0.08820153827969487,50
25,0.05,random_individual,3,0.1501322389541256,0.04900084723541175,0.9654094350337982,0.08807423278566108,50
25,0.05,random_individual,4,0.15159364541588297,0.05159483526106538,0.9654388844966888,0.08790501020570263,50
25,0.05,random_individual,5,0.14267122111557468,0.05695831085034107,0.9696342408657074,0.09059539542972893,50
25,0.05,random_individual,6,0.13392991512073998,0.06212227733051369,0.9730219030380249,0.09274292369673524,50
25,0.05,random_individual,7,0.1277868806849746,0.06501196518273734,0.9764188063144684,0.0921476990572819,50
25,0.05,random_individual,8,0.12106158304169218,0.06865443779276928,0.9791013813018798,0.09268887747506427,50
25,0.05,random_individual,9,0.10968497778537956,0.07304483810938855,0.983254029750824,0.09058419472102162,50
25,0.05,random_individual,10,0.0971535345391023,0.08524618468556444,0.9869311487674713,0.0894791586477805,50
25,0.05,random_individual,11,0.08365364552233047,0.09186441916452355,0.9919484078884124,0.09028196266288425,50
25,0.05,random_individual,12,0.07818325032802231,0.09883147492740446,0.9946236264705658,0.08862905686931809,50
25,0.05,random_individual,13,0.06976303295826647,0.1006338862978318,0.9989714741706848,0.09144914925813452,50
25,0.05,random_individual,14,0.03969609592559245,0.1011444636234315,1.0089153790473937,0.0950641720471585,50
25,0.05,shapley_mean,0,0.1621639195660107,0.035572576173595015,0.9600892066955566,0.09125047494106776,10
25,0.05,shapley_mean,1,0.1358310427209389,0.04364103186748532,0.9702520310878754,0.09519854074597063,10
25,0.05,shapley_mean,2,0.13849588210311978,0.04339209906127641,0.9700439393520355,0.09503282705853204,10
25,0.05,shapley_mean,3,0.13167344888213622,0.05634173826875305,0.9740508198738098,0.09627005811338073,10
25,0.05,shapley_mean,4,0.132890309522597,0.06396290377220598,0.973934531211853,0.09385849920647626,10
25,0.05,shapley_mean,5,0.12866261551256158,0.06467372104701175,0.9770745694637298,0.09446318001743972,10
25,0.05,shapley_mean,6,0.12141105668111066,0.06645989810723794,0.9794294476509094,0.0940076389534602,10
25,0.05,shapley_mean,7,0.11902553209145698,0.0613175130956221,0.9812685549259186,0.09272529416105245,10
25,0.05,shapley_mean,8,0.10855958577116516,0.05307603094674019,0.9838210821151734,0.0950438875546593,10
25,0.05,shapley_mean,9,0.11191599270505412,0.05618718138305037,0.9846640288829803,0.0963703975648841,10
25,0.05,shapley_mean,10,0.10106538705187589,0.06077521932246717,0.9880246222019196,0.09220606429662588,10
25,0.05,shapley_mean,11,0.07833969987390854,0.0506788210150637,0.992432427406311,0.09331473826951979,10
25,0.05,shapley_mean,12,0.07982740255020312,0.056404917883938484,0.9930382549762726,0.09732495305910413,10
25,0.05,shapley_mean,13,0.08609953559939577,0.030292313254928257,0.993904197216034,0.09573764998056344,10
25,0.05,shapley_mean,14,0.09279301619925058,0.08068014185447478,1.0001575231552124,0.09604623159621697,10
25,0.1,random_individual,0,0.14039335393188787,0.04063605697762702,0.9634826481342316,0.07549345801948965,50
25,0.1,random_individual,1,0.1376838074684196,0.04169147584337355,0.964660701751709,0.07582387106703697,50
25,0.1,random_individual,2,0.13036832240837457,0.044897254644793445,0.9670339035987854,0.07502131715715153,50
25,0.1,random_individual,3,0.12871724032726392,0.0484177144146504,0.9682466614246369,0.07505481385097361,50
25,0.1,random_individual,4,0.12578787874528846,0.05249142884892708,0.9692769658565521,0.07559624502268501,50
25,0.1,random_individual,5,0.12061250838777221,0.05170758780003652,0.9712656927108765,0.07659720600568429,50
25,0.1,random_individual,6,0.1118562243407077,0.050130779588100235,0.9746422874927521,0.0800203877606272,50
25,0.1,random_individual,7,0.1077951024601909,0.054996367162104785,0.976825293302536,0.0801034169076357,50
25,0.1,random_individual,8,0.0925533824229492,0.06807831784688781,0.9814588713645935,0.08116876833732212,50
25,0.1,random_individual,9,0.09344088788320365,0.08192506022878522,0.9816626179218292,0.08090146021007241,50
25,0.1,random_individual,10,0.082166933120618,0.09706614361873565,0.9854249012470245,0.08050644790723614,50
25,0.1,random_individual,11,0.07839806611553003,0.10693280860193669,0.9872264456748963,0.07980010535467118,50
25,0.1,random_individual,12,0.06673151903796247,0.10062842252520046,0.990225397348404,0.07907807065021098,50
25,0.1,random_individual,13,0.0535090934634656,0.0947897951191432,0.9937991547584534,0.08093834508956856,50
25,0.1,random_individual,14,0.038298410886662505,0.09145822717995652,1.004525316953659,0.08443510656328884,50
25,0.1,shapley_mean,0,0.14039335393188787,0.04240366001178002,0.9634826481342316,0.07877730186111592,10
25,0.1,shapley_mean,1,0.12749536619562074,0.03259032250402433,0.9678021907806397,0.08231722287245077,10
25,0.1,shapley_mean,2,0.10246332539868112,0.0503943889982,0.9765770375728607,0.08406484531307959,10
25,0.1,shapley_mean,3,0.10162474290842641,0.04310108224198451,0.9775228261947632,0.08274724403771876,10
25,0.1,shapley_mean,4,0.10532294519967081,0.04521988232507086,0.9768532395362854,0.08638607563802692,10
25,0.1,shapley_mean,5,0.10317489345440792,0.0505797143175929,0.9766241371631622,0.08380676733314184,10
25,0.1,shapley_mean,6,0.11373462808483648,0.056790244690991434,0.9755113124847412,0.07854649325847889,10
25,0.1,shapley_mean,7,0.11632061430420948,0.06614572584263534,0.9749354660511017,0.08006217171354636,10
25,0.1,shapley_mean,8,0.11434192991617964,0.06965224069796025,0.9756611108779907,0.08021967750414687,10
25,0.1,shapley_mean,9,0.10223067009124791,0.07870321502176307,0.9785647571086884,0.08298819224302556,10
25,0.1,shapley_mean,10,0.1112847238613794,0.07336495510284942,0.9775067925453186,0.08274645821121028,10
25,0.1,shapley_mean,11,0.1171214046560773,0.0559807706408847,0.9780088424682617,0.08708263864963603,10
25,0.1,shapley_mean,12,0.13655130684945344,0.04120361464659919,0.9744855165481567,0.0883725705463603,10
25,0.1,shapley_mean,13,0.10218537429873831,0.045981846549811176,0.9826355874538422,0.08699443466159175,10
25,0.1,shapley_mean,14,0.09250388294274203,0.06683816250092031,0.9917904436588287,0.08799293074212891,10
25,0.15,random_individual,0,0.16441455986082373,0.03380944651096708,1.0219094157218933,0.046279978592564386,50
25,0.15,random_individual,1,0.1628203351594802,0.039389228543915904,1.0236785161495208,0.04645050567351648,50
25,0.15,random_individual,2,0.15619405154436683,0.0414024320129943,1.0265227413177491,0.04755462898658405,50
25,0.15,random_individual,3,0.15385377573078668,0.041976742626491925,1.0279686558246612,0.046882846233463296,50
25,0.15,random_individual,4,0.14924947637276068,0.04494658481378152,1.0309091985225678,0.048466522786458445,50
25,0.15,random_individual,5,0.14531166150666552,0.04811004919121599,1.0332569622993468,0.049158293948019995,50
25,0.15,random_individual,6,0.1348963461505182,0.0548749080487158,1.037390375137329,0.049630287810928764,50
25,0.15,random_individual,7,0.1264237329569397,0.059809744365270846,1.041078028678894,0.049398707258666734,50
25,0.15,random_individual,8,0.1271934194986843,0.06748054860005119,1.0420181846618652,0.049443447770512655,50
25,0.15,random_individual,9,0.11180572533788709,0.0693516191808924,1.0473289787769318,0.04717600961389881,50
25,0.15,random_individual,10,0.090196509717578,0.07906696390118742,1.0538702499866486,0.04794526111262519,50
25,0.15,random_individual,11,0.07478539008209677,0.08128527260747109,1.0581854689121246,0.046659710899712416,50
25,0.15,random_individual,12,0.061052001211899895,0.08807630311798711,1.0624711072444917,0.04664713045690886,50
25,0.15,random_individual,13,0.053061923196511936,0.09412344548559298,1.0642127192020416,0.04698353455639071,50
25,0.15,random_individual,14,0.03866514216704492,0.0902148150321542,1.0701369142532349,0.049156509805447904,50
25,0.15,shapley_mean,0,0.16441455986082376,0.03528010298407722,1.0219094157218933,0.04829308312743089,10
25,0.15,shapley_mean,1,0.16130419302822252,0.035683399842986706,1.0237831354141236,0.048811773883425204,10
25,0.15,shapley_mean,2,0.14703417223701018,0.049547099902780944,1.030654913187027,0.049522883182649205,10
25,0.15,shapley_mean,3,0.12241625751726452,0.05055342511356944,1.0391093492507935,0.04813406325070466,10
25,0.15,shapley_mean,4,0.12681855411297308,0.04554340879382661,1.0394184947013856,0.050089528949432645,10
25,0.15,shapley_mean,5,0.13285562935245904,0.05999374022881803,1.0394240856170653,0.05024712770067239,10
25,0.15,shapley_mean,6,0.12862288560399499,0.060704818252281655,1.0410936534404756,0.050284673942622905,10
25,0.15,shapley_mean,7,0.11565941662874539,0.07491222619819603,1.0456253468990326,0.05584691091393933,10
25,0.15,shapley_mean,8,0.11679213392628499,0.063052416982305,1.0449773848056794,0.05552855080689374,10
25,0.15,shapley_mean,9,0.1221335445152308,0.05391412247295079,1.0444156169891357,0.050978002213510905,10
25,0.15,shapley_mean,10,0.12382052219289266,0.05225257639405852,1.044962352514267,0.05283646173461524,10
25,0.15,shapley_mean,11,0.09408999847748377,0.06564815558331032,1.0487630069255829,0.05488827800950325,10
25,0.15,shapley_mean,12,0.08236781280409813,0.08102091054529184,1.0516068458557128,0.05573490546369315,10
25,0.15,shapley_mean,13,0.06404327391732582,0.11014458455655202,1.0563258588314057,0.056972567589377396,10
25,0.15,shapley_mean,14,0.07176838860199736,0.10409936641977229,1.0620545268058776,0.044262423403390906,10
25,0.2,random_individual,0,0.1710149089099307,0.035619075022065856,0.9753442704677582,0.04937950795605177,50
25,0.2,random_individual,1,0.16658936628408608,0.04157029115261195,0.9774015569686889,0.049793981668782315,50
25,0.2,random_individual,2,0.1648540141430638,0.044016957584485726,0.9794099795818328,0.05110942963965791,50
25,0.2,random_individual,3,0.16092022032687417,0.04425398515561926,0.9813078248500824,0.05041657763942223,50
25,0.2,random_individual,4,0.15614030409703403,0.0481290469132916,0.9837796223163605,0.049411971002435634,50
25,0.2,random_individual,5,0.1419247412740432,0.04381376755902307,0.989271754026413,0.05188423426714893,50
25,0.2,random_individual,6,0.12465649913842933,0.057343210168713486,0.9944321644306183,0.05486090670117134,50
25,0.2,random_individual,7,0.11226957116234365,0.05641576370004422,0.9991689503192902,0.05474651396315684,50
25,0.2,random_individual,8,0.10102283505327776,0.056169394373145075,1.002814656496048,0.053618069925845356,50
25,0.2,random_individual,9,0.09505202019188042,0.05839297517647975,1.0062079012393952,0.05387585018656592,50
25,0.2,random_individual,10,0.098831794651071,0.06298364587369441,1.0060810244083405,0.05348065915305298,50
25,0.2,random_individual,11,0.0856142331536144,0.0762239157188785,1.0113092029094697,0.05674971385861099,50
25,0.2,random_individual,12,0.07752651950416586,0.08063698986461694,1.0158017075061798,0.05833796938389776,50
25,0.2,random_individual,13,0.045798186312897685,0.07633149145803372,1.0224962973594665,0.05598725087548538,50
25,0.2,random_individual,14,0.04592590992127366,0.07424630150575734,1.0265324199199677,0.056704798437187946,50
25,0.2,shapley_mean,0,0.1710149089099307,0.037168447421001914,0.9753442704677582,0.05152743702643759,10
25,0.2,shapley_mean,1,0.15748634926168292,0.044334215858858876,0.9807894408702851,0.056297339117577644,10
25,0.2,shapley_mean,2,0.15476559034132825,0.04861195999555474,0.9824041783809662,0.05758472074922059,10
25,0.2,shapley_mean,3,0.14062359981152556,0.039722298012436597,0.9885007202625274,0.05833298967412136,10
25,0.2,shapley_mean,4,0.14500787064882442,0.04905944641043453,0.9876871585845948,0.058944773385134173,10
25,0.2,shapley_mean,5,0.14856331520212956,0.049175868027425344,0.9877129256725311,0.05899514183410269,10
25,0.2,shapley_mean,6,0.1526559004430013,0.041042854000100916,0.9876305222511291,0.05550272739084834,10
25,0.2,shapley_mean,7,0.1522294520198083,0.06090418760933769,0.987320476770401,0.057622767961801845,10
25,0.2,shapley_mean,8,0.15865895958283918,0.06423363961703463,0.9877729415893555,0.05626924449314779,10
25,0.2,shapley_mean,9,0.16640658468777234,0.042336492458578553,0.9865677893161774,0.05378959085063057,10
25,0.2,shapley_mean,10,0.14596695599914195,0.05204902923179539,0.9925096273422241,0.05978216988168006,10
25,0.2,shapley_mean,11,0.15189648016190985,0.03962785117395769,0.9925271928310394,0.06017525263639112,10
25,0.2,shapley_mean,12,0.13621678294357364,0.05288727312281713,0.9983570396900177,0.056130990081971394,10
25,0.2,shapley_mean,13,0.13120760698575024,0.05597215119624358,1.0007892787456512,0.055473367458002486,10
25,0.2,shapley_mean,14,0.10734804204619389,0.04022880612487137,1.0108291745185851,0.053755052042871926,10
25,0.25,random_individual,0,0.15120179385518587,0.0214327079844073,0.9650925695896149,0.08278598826244991,50
25,0.25,random_individual,1,0.1474719916486066,0.024564341776150772,0.9665696191787719,0.08309904597604963,50
25,0.25,random_individual,2,0.1484329657794716,0.02723127963350365,0.9666643488407135,0.08278263126109951,50
25,0.25,random_individual,3,0.14753677140858162,0.03290092960167218,0.9676732873916626,0.08175363369196494,50
25,0.25,random_individual,4,0.14424846356691212,0.03660231802485649,0.9696699297428131,0.08135601144661948,50
25,0.25,random_individual,5,0.13117155572192687,0.04440656493943906,0.9739177596569061,0.08300595899122028,50
25,0.25,random_individual,6,0.12754036797636037,0.04837106286292985,0.9770170068740844,0.08425162744058629,50
25,0.25,random_individual,7,0.13022318804552543,0.052224785134459606,0.9780107986927032,0.08248438100474503,50
25,0.25,random_individual,8,0.1151653076815296,0.06012332887956603,0.9836852705478668,0.08497414176965505,50
25,0.25,random_individual,9,0.09647684302820725,0.06645171881096126,0.9885892927646637,0.08278110833141918,50
25,0.25,random_individual,10,0.08835790270221436,0.07023342990157379,0.9919097137451172,0.08191068052635476,50
25,0.25,random_individual,11,0.06511637364163851,0.08082271603567893,0.9972717761993408,0.08383523597936654,50
25,0.25,random_individual,12,0.05645010317698846,0.08686368901938468,0.9996420192718506,0.08615673478280696,50
25,0.25,random_individual,13,0.03505299757166286,0.10098862008604896,1.0031880664825439,0.08471003979644443,50
25,0.25,random_individual,14,0.03106173144720801,0.09222363594732118,1.0164149284362793,0.08503355101392814,50
25,0.25,shapley_mean,0,0.15120179385518587,0.022364996264350682,0.9650925695896149,0.08638704542502426,10
25,0.25,shapley_mean,1,0.13128726842015007,0.03625643474278437,0.972297215461731,0.08776087725998596,10
25,0.25,shapley_mean,2,0.10211189639057719,0.040943379693759226,0.981098085641861,0.0836701005089707,10
25,0.25,shapley_mean,3,0.09785260401948889,0.04937847962252598,0.9821599006652832,0.08376668542109338,10
25,0.25,shapley_mean,4,0.09725310049293245,0.05766895557231046,0.9821772575378418,0.08430063823263974,10
25,0.25,shapley_mean,5,0.10270930588292067,0.05527514098166771,0.9826399028301239,0.0881482171498282,10
25,0.25,shapley_mean,6,0.10194026998294008,0.06590113121342485,0.9822987854480744,0.08821718292884899,10
25,0.25,shapley_mean,7,0.1075125138413939,0.06985575909340756,0.9823505461215973,0.08589414708330073,10
25,0.25,shapley_mean,8,0.1222262464715069,0.07488158462930428,0.9818616509437561,0.08511077263698545,10
25,0.25,shapley_mean,9,0.13236659251054286,0.07474818362932838,0.9805441796779633,0.08370733539896888,10
25,0.25,shapley_mean,10,0.1490561700045136,0.052809587386518884,0.9789184331893921,0.08575246749816905,10
25,0.25,shapley_mean,11,0.14908718713133257,0.0514669614521379,0.9793797194957733,0.08128057253144352,10
25,0.25,shapley_mean,12,0.13805046699521786,0.06004551058646351,0.9848067700862885,0.08453007887673522,10
25,0.25,shapley_mean,13,0.1326225357131343,0.07204516000286854,0.9895858943462372,0.08630823151023537,10
25,0.25,shapley_mean,14,0.0914257949244899,0.06799206390387745,1.0009966731071471,0.08817486469695274,10
50,0.05,random_individual,0,0.16216391956601073,0.03408972791097763,0.9600892066955566,0.0874466849774437,50
50,0.05,random_individual,1,0.16084683758828336,0.03841323511919693,0.9606800162792206,0.08699583167046186,50
50,0.05,random_individual,2,0.15763260670393014,0.04059434395667692,0.9626782083511353,0.08820153827969487,50
50,0.05,random_individual,3,0.15122901279399248,0.047450571482251805,0.9650368106365204,0.08700602255457561,50
50,0.05,random_individual,4,0.151991935798392,0.05158035509533801,0.9653033149242402,0.0877811816253561,50
50,0.05,random_individual,5,0.14267122111557468,0.05695831085034107,0.9696342408657074,0.09059539542972893,50
50,0.05,random_individual,6,0.13392991512073998,0.06212227733051369,0.9730219030380249,0.09274292369673524,50
50,0.05,random_individual,7,0.127211686164492,0.06194283258579897,0.9763208317756653,0.09198216619614628,50
50,0.05,random_individual,8,0.118960711880333,0.06852739480776995,0.979735244512558,0.0923438643392121,50
50,0.05,random_individual,9,0.1098130251718458,0.07424136995637057,0.9834185075759888,0.09080166538787297,50
50,0.05,random_individual,10,0.09875598906138483,0.08168298499249464,0.9864029967784882,0.0904834303619234,50
50,0.05,random_individual,11,0.08365364552233047,0.09186441916452355,0.9919484078884124,0.09028196266288425,50
50,0.05,random_individual,12,0.08009637771504692,0.10111752789726612,0.9944460117816925,0.08854226919379295,50
50,0.05,random_individual,13,0.07103542434169587,0.10056799427236246,0.9991032922267914,0.09136330834378797,50
50,0.05,random_individual,14,0.038742485880796276,0.10222547053147106,1.0090479111671449,0.09517815643271059,50
50,0.05,shapley_mean,0,0.1621639195660107,0.035572576173595015,0.9600892066955566,0.09125047494106776,10
50,0.05,shapley_mean,1,0.13611442325344067,0.04280414548661619,0.9701290249824523,0.09528315335439025,10
50,0.05,shapley_mean,2,0.13849588210311978,0.04339209906127641,0.9700439393520355,0.09503282705853204,10
50,0.05,shapley_mean,3,0.12420764117466063,0.04956172253079398,0.9751841127872467,0.0946504986562375,10
50,0.05,shapley_mean,4,0.13044501491041774,0.06603602173511261,0.9748043298721314,0.09476750684686502,10
50,0.05,shapley_mean,5,0.12866261551256158,0.06467372104701175,0.9770745694637298,0.09446318001743972,10
50,0.05,shapley_mean,6,0.12141105668111066,0.06645989810723794,0.9794294476509094,0.0940076389534602,10
50,0.05,shapley_mean,7,0.12182688264025451,0.05312606658228607,0.980891740322113,0.09342291023866031,10
50,0.05,shapley_mean,8,0.10717362500152736,0.05327078695762162,0.9840237975120545,0.0949124073706267,10
50,0.05,shapley_mean,9,0.1155455242803928,0.05326897140264297,0.9836473643779755,0.09537531059967863,10
50,0.05,shapley_mean,10,0.09890572595912119,0.05799801422243983,0.9892376124858856,0.0893402370978893,10
50,0.05,shapley_mean,11,0.07833969987390854,0.0506788210150637,0.992432427406311,0.09331473826951979,10
50,0.05,shapley_mean,12,0.06949558737222515,0.05089006125910537,0.9939757525920868,0.09794892498262885,10
50,0.05,shapley_mean,13,0.09436699588756077,0.033621083200237566,0.9916752815246582,0.0952948371610366,10
50,0.05,shapley_mean,14,0.07348546399734923,0.06298237065254923,0.9991376876831055,0.09536302447135135,10
50,0.1,random_individual,0,0.14039335393188787,0.04063605697762702,0.9634826481342316,0.07549345801948965,50
50,0.1,random_individual,1,0.1376838074684196,0.04169147584337355,0.964660701751709,0.07582387106703697,50
50,0.1,random_individual,2,0.13323296991754163,0.04507291361455566,0.9663043367862701,0.07416739695406509,50
50,0.1,random_individual,3,0.1288180681168113,0.047686810747229365,0.9681191182136536,0.07480204965919578,50
50,0.1,random_individual,4,0.1293906712417217,0.047035708041315,0.9683135318756103,0.07544830983809221,50
50,0.1,random_individual,5,0.12008069993886958,0.051932261759796323,0.9714093387126923,0.07663359221153922,50
50,0.1,random_individual,6,0.11226229707619506,0.0504952159461762,0.9747186720371246,0.07998943509441528,50
50,0.1,random_individual,7,0.10858958207946863,0.0559352559076634,0.9766403675079346,0.08006686689160775,50
50,0.1,random_individual,8,0.09564673322823868,0.06594974218740562,0.9807614350318908,0.08042580319541844,50
50,0.1,random_individual,9,0.09123784593842396,0.07833579435787036,0.9818039500713348,0.08099681357319227,50
50,0.1,random_individual,10,0.08161313000398474,0.09795253144837394,0.9851750576496124,0.08029754306427853,50
50,0.1,random_individual,11,0.07873153605991046,0.10704164299764334,0.9872187042236328,0.07979947471320774,50
50,0.1,random_individual,12,0.06673151903796247,0.10062842252520046,0.990225397348404,0.07907807065021098,50
50,0.1,random_individual,13,0.05273857272688407,0.09334240712933556,0.9940429627895355,0.08082048469067168,50
50,0.1,random_individual,14,0.038298410886662505,0.09145822717995652,1.004525316953659,0.08443510656328884,50
50,0.1,shapley_mean,0,0.14039335393188787,0.04240366001178002,0.9634826481342316,0.07877730186111592,10
50,0.1,shapley_mean,1,0.12749536619562074,0.03259032250402433,0.9678021907806397,0.08231722287245077,10
50,0.1,shapley_mean,2,0.10509790742885664,0.05129034990943129,0.9752298712730407,0.08652682457222512,10
50,0.1,shapley_mean,3,0.09598056154501695,0.04875946657952611,0.9793419599533081,0.08362516464243527,10
50,0.1,shapley_mean,4,0.0984772792578193,0.03696915791858665,0.9777140915393829,0.08543939856713884,10
50,0.1,shapley_mean,5,0.10518174679284442,0.04962457839097237,0.9762488543987274,0.08366876045834849,10
50,0.1,shapley_mean,6,0.11285338197965245,0.057625635745186476,0.9757419228553772,0.07835861501908606,10
50,0.1,shapley_mean,7,0.1259143316357834,0.06299852337830489,0.9725683629512787,0.07816947816852221,10
50,0.1,shapley_mean,8,0.11232743062563029,0.06782363171572967,0.975628399848938,0.08019230853783221,10
50,0.1,shapley_mean,9,0.10706548614045626,0.06707871142195679,0.9771640002727509,0.08318224754041045,10
50,0.1,shapley_mean,10,0.1148903028313329,0.06879350188961157,0.9768195509910583,0.0817430794894383,10
50,0.1,shapley_mean,11,0.11689728561272242,0.055701927999005356,0.9779378414154053,0.08713811514139297,10
50,0.1,shapley_mean,12,0.13655130684945344,0.04120361464659919,0.9744855165481567,0.0883725705463603,10
50,0.1,shapley_mean,13,0.10730711480339306,0.04087816557346935,0.9812987267971038,0.08737580198214594,10
50,0.1,shapley_mean,14,0.09250388294274203,0.06683816250092031,0.9917904436588287,0.08799293074212891,10
50,0.15,random_individual,0,0.16441455986082373,0.03380944651096708,1.0219094157218933,0.046279978592564386,50
50,0.15,random_individual,1,0.16271817746759962,0.03616420132674852,1.0231180250644685,0.046446515083351576,50
50,0.15,random_individual,2,0.15645889795145373,0.041572576720406255,1.0264427220821382,0.047546105381342026,50
50,0.15,random_individual,3,0.15413884774797007,0.042070264271101145,1.0279589223861694,0.04696426407920308,50
50,0.15,random_individual,4,0.1486827032434723,0.044673068888810244,1.0312395763397217,0.0488569624527235,50
50,0.15,random_individual,5,0.14584542041878892,0.04952002522878588,1.0331141424179078,0.049272758125260496,50
50,0.15,random_individual,6,0.1365812132420075,0.04860153521568745,1.0370534491539,0.04919502218416032,50
50,0.15,random_individual,7,0.12605832532640002,0.061071530128438946,1.0412525928020477,0.050338895031411326,50
50,0.15,random_individual,8,0.12766833735841174,0.0680316590919927,1.0420286059379578,0.049476423275085044,50
50,0.15,random_individual,9,0.11180572533788709,0.0693516191808924,1.0473289787769318,0.04717600961389881,50
50,0.15,random_individual,10,0.090196509717578,0.07906696390118742,1.0538702499866486,0.04794526111262519,50
50,0.15,random_individual,11,0.07640439160575868,0.08148498748615522,1.0579225981235505,0.04664940545773785,50
50,0.15,random_individual,12,0.06175546237307668,0.08928270704635136,1.0622838973999023,0.04688514884006662,50
50,0.15,random_individual,13,0.05761498867578532,0.09460440881359942,1.0638406908512115,0.047426223040098234,50
50,0.15,random_individual,14,0.03866514216704492,0.0902148150321542,1.0701369142532349,0.049156509805447904,50
50,0.15,shapley_mean,0,0.16441455986082376,0.03528010298407722,1.0219094157218933,0.04829308312743089,10
50,0.15,shapley_mean,1,0.1578924144223388,0.0350870132791046,1.0249636590480804,0.04815631506664468,10
50,0.15,shapley_mean,2,0.15284544753472412,0.053823802535106366,1.0286135852336884,0.051375553017157585,10
50,0.15,shapley_mean,3,0.12778344489890375,0.049148538008396636,1.0381503343582152,0.049913421666589505,10
50,0.15,shapley_mean,4,0.12391169372915338,0.05401832990379294,1.0395891904830932,0.05244355446258273,10
50,0.15,shapley_mean,5,0.1359626594876357,0.060146926357041657,1.0376806497573852,0.048993385526994955,10
50,0.15,shapley_mean,6,0.12130696142148145,0.06238170503432073,1.043243831396103,0.05138507836633061,10
50,0.15,shapley_mean,7,0.11928226830227895,0.07063839384266597,1.0444671094417572,0.053353332488579944,10
50,0.15,shapley_mean,8,0.12496230420140934,0.06069630576027989,1.042065542936325,0.05167273096327239,10
50,0.15,shapley_mean,9,0.1221335445152308,0.05391412247295079,1.0444156169891357,0.050978002213510905,10
50,0.15,shapley_mean,10,0.12382052219289266,0.05225257639405852,1.044962352514267,0.05283646173461524,10
50,0.15,shapley_mean,11,0.0938239377405082,0.06597636535097752,1.0489031851291657,0.054954592335051844,10
50,0.15,shapley_mean,12,0.07879146621895139,0.08440201196923366,1.0525629758834838,0.05533506544832625,10
50,0.15,shapley_mean,13,0.07531264323771239,0.096815152153318,1.055599969625473,0.05409021282760579,10
50,0.15,shapley_mean,14,0.07176838860199736,0.10409936641977229,1.0620545268058776,0.044262423403390906,10
50,0.2,random_individual,0,0.1710149089099307,0.035619075022065856,0.9753442704677582,0.04937950795605177,50
50,0.2,random_individual,1,0.16643734660374007,0.0413733924653268,0.9774550604820251,0.04974467544338942,50
50,0.2,random_individual,2,0.1646549353932475,0.04417703400113185,0.9794885385036468,0.051142654059050545,50
50,0.2,random_individual,3,0.16151273143514036,0.04429403191716505,0.9811047327518463,0.05028583734145811,50
50,0.2,random_individual,4,0.15575760621975088,0.048401325537062403,0.983742561340332,0.0495115937366596,50
50,0.2,random_individual,5,0.1361949271232232,0.05106245663532544,0.991014587879181,0.05184925971207427,50
50,0.2,random_individual,6,0.12465649913842933,0.057343210168713486,0.9944321644306183,0.05486090670117134,50
50,0.2,random_individual,7,0.11226957116234365,0.05641576370004422,0.9991689503192902,0.05474651396315684,50
50,0.2,random_individual,8,0.10102283505327776,0.056169394373145075,1.002814656496048,0.053618069925845356,50
50,0.2,random_individual,9,0.09505202019188042,0.05839297517647975,1.0062079012393952,0.05387585018656592,50
50,0.2,random_individual,10,0.09831202608802282,0.0616513823468348,1.0060798025131226,0.053397224054105887,50
50,0.2,random_individual,11,0.0809494045456966,0.07958757028512223,1.0124025988578795,0.05654363956648594,50
50,0.2,random_individual,12,0.0661535872532739,0.07827841009092035,1.0182113218307496,0.05676495837194479,50
50,0.2,random_individual,13,0.04180137731849041,0.07928851190309588,1.0231451547145844,0.05709231467145278,50
50,0.2,random_individual,14,0.04126820327514725,0.07155379608611855,1.026205109357834,0.05638733840047132,50
50,0.2,shapley_mean,0,0.1710149089099307,0.037168447421001914,0.9753442704677582,0.05152743702643759,10
50,0.2,shapley_mean,1,0.15272828390386067,0.03442179629228195,0.9819137215614319,0.05505986768527008,10
50,0.2,shapley_mean,2,0.1542869016361925,0.04910665240686654,0.9827690839767456,0.05770109734268258,10
50,0.2,shapley_mean,3,0.14032616270889825,0.04009083808729366,0.988347715139389,0.058214539293235196,10
50,0.2,shapley_mean,4,0.14012101255525558,0.04484784152201938,0.9887421905994416,0.05803838266171853,10
50,0.2,shapley_mean,5,0.14337262526471037,0.0456333690759669,0.9895717918872833,0.05820254294352456,10
50,0.2,shapley_mean,6,0.1526559004430013,0.041042854000100916,0.9876305222511291,0.05550272739084834,10
50,0.2,shapley_mean,7,0.1522294520198083,0.06090418760933769,0.987320476770401,0.057622767961801845,10
50,0.2,shapley_mean,8,0.15865895958283918,0.06423363961703463,0.9877729415893555,0.05626924449314779,10
50,0.2,shapley_mean,9,0.16640658468777234,0.042336492458578553,0.9865677893161774,0.05378959085063057,10
50,0.2,shapley_mean,10,0.1467572070770256,0.05196103288270442,0.9912905216217041,0.0598461644371925,10
50,0.2,shapley_mean,11,0.156289334887041,0.03381639128889689,0.9915039002895355,0.05836441765005962,10
50,0.2,shapley_mean,12,0.1571318368954549,0.04328695066873289,0.9939211547374726,0.05827075946686265,10
50,0.2,shapley_mean,13,0.13927176030289473,0.05194846648066876,1.0008286476135253,0.05497351652234445,10
50,0.2,shapley_mean,14,0.09315658683103176,0.04590769153043723,1.0085991382598878,0.05279155394054613,10
50,0.25,random_individual,0,0.15120179385518587,0.0214327079844073,0.9650925695896149,0.08278598826244991,50
50,0.25,random_individual,1,0.14768528547001541,0.025011621259328813,0.9664736950397491,0.08321042952948234,50
50,0.25,random_individual,2,0.1487310998060738,0.02755133559626865,0.9667257606983185,0.0828346860866263,50
50,0.25,random_individual,3,0.14835438746895943,0.03345206516373023,0.967767038345337,0.08214807737915593,50
50,0.25,random_individual,4,0.14405768132155883,0.03740826072857629,0.9698048055171966,0.08141254721345446,50
50,0.25,random_individual,5,0.13426435432659178,0.04108447752654613,0.9730150151252747,0.0824960497601673,50
50,0.25,random_individual,6,0.12740163448875275,0.04638687584184774,0.9768245244026184,0.08422581601112797,50
50,0.25,random_individual,7,0.13022318804552543,0.052224785134459606,0.9780107986927032,0.08248438100474503,50
50,0.25,random_individual,8,0.11966664281398584,0.06426439700593753,0.9825604844093323,0.08540564980400077,50
50,0.25,random_individual,9,0.09879957027134267,0.0651525196268457,0.9885512888431549,0.08263133509578832,50
50,0.25,random_individual,10,0.08835790270221436,0.07023342990157379,0.9919097137451172,0.08191068052635476,50
50,0.25,random_individual,11,0.06511637364163851,0.08082271603567893,0.9972717761993408,0.08383523597936654,50
50,0.25,random_individual,12,0.054589709764401494,0.08524887183832132,1.0000236296653748,0.0859296494280736,50
50,0.25,random_individual,13,0.03523141121398526,0.09670395531553104,1.0030949056148528,0.08455068393918891,50
50,0.25,random_individual,14,0.025345654101854055,0.08986368956110048,1.016780322790146,0.08443693582572052,50
50,0.25,shapley_mean,0,0.15120179385518587,0.022364996264350682,0.9650925695896149,0.08638704542502426,10
50,0.25,shapley_mean,1,0.13447387608128225,0.03833533733310741,0.9713115453720093,0.0888255006834083,10
50,0.25,shapley_mean,2,0.10773958697605954,0.05174740138833834,0.978816157579422,0.0823681857555814,10
50,0.25,shapley_mean,3,0.09704885711101541,0.059513046585027575,0.9816031277179718,0.08101013518770256,10
50,0.25,shapley_mean,4,0.10194817042757727,0.059465131959967665,0.9812681019306183,0.08427488800831763,10
50,0.25,shapley_mean,5,0.10796604959407374,0.06095421634664129,0.9807194113731384,0.08854533090085394,10
50,0.25,shapley_mean,6,0.10249944610421129,0.06617949065892685,0.9824311673641205,0.08821721985964656,10
50,0.25,shapley_mean,7,0.1075125138413939,0.06985575909340756,0.9823505461215973,0.08589414708330073,10
50,0.25,shapley_mean,8,0.1126387892179758,0.07824867658494054,0.9853362441062927,0.08318642869437858,10
50,0.25,shapley_mean,9,0.12678201127097272,0.07532435038343624,0.9820008695125579,0.08499975756936856,10
50,0.25,shapley_mean,10,0.1490561700045136,0.052809587386518884,0.9789184331893921,0.08575246749816905,10
50,0.25,shapley_mean,11,0.14908718713133257,0.0514669614521379,0.9793797194957733,0.08128057253144352,10
50,0.25,shapley_mean,12,0.1370554501254772,0.059891509575549264,0.9850389242172242,0.08439985704338805,10
50,0.25,shapley_mean,13,0.13828049388463254,0.0674476356171383,0.9862180888652802,0.0844524382348676,10
50,0.25,shapley_mean,14,0.11261371735412543,0.059947124213578624,1.002746593952179,0.08415240155451438,10
75,0.05,random_individual,0,0.16216391956601073,0.03408972791097763,0.9600892066955566,0.0874466849774437,50
75,0.05,random_individual,1,0.16084683758828336,0.03841323511919693,0.9606800162792206,0.08699583167046186,50
75,0.05,random_individual,2,0.1581499384394628,0.04041648121051563,0.9624141049385071,0.08783869800139471,50
75,0.05,random_individual,3,0.15220504496573048,0.046152250445940825,0.9647245275974273,0.08713726003745308,50
75,0.05,random_individual,4,0.151991935798392,0.05158035509533801,0.9653033149242402,0.0877811816253561,50
75,0.05,random_individual,5,0.14267122111557468,0.05695831085034107,0.9696342408657074,0.09059539542972893,50
75,0.05,random_individual,6,0.13392991512073998,0.06212227733051369,0.9730219030380249,0.09274292369673524,50
75,0.05,random_individual,7,0.1274676139094627,0.06377724079815764,0.9765112471580505,0.09220861377151965,50
75,0.05,random_individual,8,0.12106158304169218,0.06865443779276928,0.9791013813018798,0.09268887747506427,50
75,0.05,random_individual,9,0.1098130251718458,0.07424136995637057,0.9834185075759888,0.09080166538787297,50
75,0.05,random_individual,10,0.09737093014990457,0.08770401184257422,0.9867655408382415,0.08926868100769687,50
75,0.05,random_individual,11,0.08261496409247178,0.09480400735406953,0.9916482031345367,0.0902068127891444,50
75,0.05,random_individual,12,0.07818325032802231,0.09883147492740446,0.9946236264705658,0.08862905686931809,50
75,0.05,random_individual,13,0.07056655090598539,0.10022252864975213,0.9990742003917694,0.09138834707365981,50
75,0.05,random_individual,14,0.03969609592559245,0.1011444636234315,1.0089153790473937,0.0950641720471585,50
75,0.05,shapley_mean,0,0.1621639195660107,0.035572576173595015,0.9600892066955566,0.09125047494106776,10
75,0.05,shapley_mean,1,0.13611442325344067,0.04280414548661619,0.9701290249824523,0.09528315335439025,10
75,0.05,shapley_mean,2,0.13326389291963553,0.04497231488573461,0.9713262975215912,0.09676099335166286,10
75,0.05,shapley_mean,3,0.12014240929435556,0.04660018061801142,0.9762394487857818,0.0938697495201218,10
75,0.05,shapley_mean,4,0.13044501491041774,0.06603602173511261,0.9748043298721314,0.09476750684686502,10
75,0.05,shapley_mean,5,0.12866261551256158,0.06467372104701175,0.9770745694637298,0.09446318001743972,10
75,0.05,shapley_mean,6,0.12141105668111066,0.06645989810723794,0.9794294476509094,0.0940076389534602,10
75,0.05,shapley_mean,7,0.12354151191160731,0.05525100664834163,0.9806869506835938,0.09319387193515503,10
75,0.05,shapley_mean,8,0.10855958577116516,0.05307603094674019,0.9838210821151734,0.0950438875546593,10
75,0.05,shapley_mean,9,0.1155455242803928,0.05326897140264297,0.9836473643779755,0.09537531059967863,10
75,0.05,shapley_mean,10,0.09260618659762633,0.06154021317446871,0.9894318759441376,0.09365201525653605,10
75,0.05,shapley_mean,11,0.07738702103711036,0.04973593063312052,0.9924110651016236,0.09330546533032148,10
75,0.05,shapley_mean,12,0.07982740255020312,0.056404917883938484,0.9930382549762726,0.09732495305910413,10
75,0.05,shapley_mean,13,0.09226419236497996,0.033345723792014025,0.9918991267681122,0.09481607729732172,10
75,0.05,shapley_mean,14,0.09279301619925058,0.08068014185447478,1.0001575231552124,0.09604623159621697,10
75,0.1,random_individual,0,0.14039335393188787,0.04063605697762702,0.9634826481342316,0.07549345801948965,50
75,0.1,random_individual,1,0.1376838074684196,0.04169147584337355,0.964660701751709,0.07582387106703697,50
75,0.1,random_individual,2,0.13268714571754792,0.04456722077505347,0.9664561378955842,0.07456726944706268,50
75,0.1,random_individual,3,0.1288180681168113,0.047686810747229365,0.9681191182136536,0.07480204965919578,50
75,0.1,random_individual,4,0.1282860666020983,0.047246934365445734,0.9685540199279785,0.07597632361284984,50
75,0.1,random_individual,5,0.12054230989917677,0.051827851780108666,0.9712975800037384,0.07655808120599843,50
75,0.1,random_individual,6,0.11158619358345613,0.050058904754057255,0.9749710917472839,0.08001780279351994,50
75,0.1,random_individual,7,0.10749936083055438,0.055675455276011185,0.9769134414196015,0.08000082154287042,50
75,0.1,random_individual,8,0.09587465440778868,0.06732953525745031,0.9808699417114258,0.08067522895771934,50
75,0.1,random_individual,9,0.09230268821660602,0.07973489672472922,0.9817922329902649,0.08102849381039873,50
75,0.1,random_individual,10,0.08194623206018693,0.09850155101215351,0.98517706990242,0.0803171477847514,50
75,0.1,random_individual,11,0.07834656811168253,0.10778100833369895,0.9870478761196136,0.07977382729569987,50
75,0.1,random_individual,12,0.06491757368892401,0.10247145396357975,0.9903819739818573,0.07891673090084489,50
75,0.1,random_individual,13,0.05273857272688407,0.09334240712933556,0.9940429627895355,0.08082048469067168,50
75,0.1,random_individual,14,0.038298410886662505,0.09145822717995652,1.004525316953659,0.08443510656328884,50
75,0.1,shapley_mean,0,0.14039335393188787,0.04240366001178002,0.9634826481342316,0.07877730186111592,10
75,0.1,shapley_mean,1,0.12749536619562074,0.03259032250402433,0.9678021907806397,0.08231722287245077,10
75,0.1,shapley_mean,2,0.10420867101545339,0.05187155916924659,0.9756892383098602,0.08429923447334178,10
75,0.1,shapley_mean,3,0.09598056154501695,0.04875946657952611,0.9793419599533081,0.08362516464243527,10
75,0.1,shapley_mean,4,0.10020311104176804,0.037751710775915985,0.9769212424755096,0.0838441196917459,10
75,0.1,shapley_mean,5,0.10019463586697516,0.05038630513091081,0.9772926390171051,0.08282006765707739,10
75,0.1,shapley_mean,6,0.11811690252380727,0.058941957290245754,0.974101310968399,0.07795554668134459,10
75,0.1,shapley_mean,7,0.12161186483494701,0.06396254646028778,0.9736022830009461,0.08028570966711877,10
75,0.1,shapley_mean,8,0.1142284311938337,0.070703370585136,0.9755318880081176,0.0800077149245588,10
75,0.1,shapley_mean,9,0.10871247376089943,0.06900848255196101,0.9767216980457306,0.0835287210480093,10
75,0.1,shapley_mean,10,0.11706522377370657,0.06532430126657192,0.9763799190521241,0.08178565343875627,10
75,0.1,shapley_mean,11,0.12108141907848773,0.05843332563522288,0.9773986577987671,0.08715368490824897,10
75,0.1,shapley_mean,12,0.1332546706108657,0.04277308234506562,0.9750179827213288,0.08767353334191592,10
75,0.1,shapley_mean,13,0.10730711480339306,0.04087816557346935,0.9812987267971038,0.08737580198214594,10
75,0.1,shapley_mean,14,0.09250388294274203,0.06683816250092031,0.9917904436588287,0.08799293074212891,10
75,0.15,random_individual,0,0.16441455986082373,0.03380944651096708,1.0219094157218933,0.046279978592564386,50
75,0.15,random_individual,1,0.1621986685965466,0.036089862201832315,1.0232964646816254,0.046688481624748375,50
75,0.15,random_individual,2,0.15645889795145373,0.041572576720406255,1.0264427220821382,0.047546105381342026,50
75,0.15,random_individual,3,0.15413884774797007,0.042070264271101145,1.0279589223861694,0.04696426407920308,50
75,0.15,random_individual,4,0.15182303505338185,0.046457550541691976,1.0298266863822938,0.04927930789803046,50
75,0.15,random_individual,5,0.14578888673692095,0.049784741402172455,1.0331845903396606,0.04924470349371082,50
75,0.15,random_individual,6,0.13678249609970775,0.04801434946444795,1.0368649852275849,0.04949974997005357,50
75,0.15,random_individual,7,0.12605832532640002,0.061071530128438946,1.0412525928020477,0.050338895031411326,50
75,0.15,random_individual,8,0.126037363710236,0.06811228289305041,1.042703731060028,0.05040021208234045,50
75,0.15,random_individual,9,0.10710829276233838,0.06928223476177293,1.0490028429031373,0.04889338846315705,50
75,0.15,random_individual,10,0.08773613815042369,0.08101185865272491,1.0547535240650177,0.04772325955107226,50
75,0.15,random_individual,11,0.07478539008209677,0.08128527260747109,1.0581854689121246,0.046659710899712416,50
75,0.15,random_individual,12,0.0628836912735439,0.08952389829107785,1.0619795989990235,0.04702954764348968,50
75,0.15,random_individual,13,0.05761498867578532,0.09460440881359942,1.0638406908512115,0.047426223040098234,50
75,0.15,random_individual,14,0.03866514216704492,0.0902148150321542,1.0701369142532349,0.049156509805447904,50
75,0.15,shapley_mean,0,0.16441455986082376,0.03528010298407722,1.0219094157218933,0.04829308312743089,10
75,0.15,shapley_mean,1,0.15890367684929216,0.03527578945964769,1.0243977963924409,0.047334720855877234,10
75,0.15,shapley_mean,2,0.15284544753472412,0.053823802535106366,1.0286135852336884,0.051375553017157585,10
75,0.15,shapley_mean,3,0.12778344489890375,0.049148538008396636,1.0381503343582152,0.049913421666589505,10
75,0.15,shapley_mean,4,0.12588266490711117,0.06165987501028598,1.0401833057403564,0.051438634781957523,10
75,0.15,shapley_mean,5,0.13244202163531765,0.060773681096005026,1.0382193565368651,0.048656142009532014,10
75,0.15,shapley_mean,6,0.12277079511117184,0.061011935367386284,1.042758709192276,0.05218003802315715,10
75,0.15,shapley_mean,7,0.11928226830227895,0.07063839384266597,1.0444671094417572,0.053353332488579944,10
75,0.15,shapley_mean,8,0.12790447541384925,0.05779352084771009,1.0406199038028716,0.04893149453389824,10
75,0.15,shapley_mean,9,0.13608557733985033,0.05830083827926453,1.040201884508133,0.04971571445484045,10
75,0.15,shapley_mean,10,0.1262548544679151,0.052934240846904325,1.0429143488407135,0.05233478950662515,10
75,0.15,shapley_mean,11,0.09408999847748377,0.06564815558331032,1.0487630069255829,0.05488827800950325,10
75,0.15,shapley_mean,12,0.08773779378771251,0.07877171093528898,1.0510215163230896,0.056058805059529045,10
75,0.15,shapley_mean,13,0.07531264323771239,0.096815152153318,1.055599969625473,0.05409021282760579,10
75,0.15,shapley_mean,14,0.07176838860199736,0.10409936641977229,1.0620545268058776,0.044262423403390906,10
75,0.2,random_individual,0,0.1710149089099307,0.035619075022065856,0.9753442704677582,0.04937950795605177,50
75,0.2,random_individual,1,0.16658936628408608,0.04157029115261195,0.9774015569686889,0.049793981668782315,50
75,0.2,random_individual,2,0.1646549353932475,0.04417703400113185,0.9794885385036468,0.051142654059050545,50
75,0.2,random_individual,3,0.16165095399239474,0.04440006206067421,0.9810875308513641,0.05033025653719308,50
75,0.2,random_individual,4,0.1527151733694388,0.05641960749169166,0.9845688652992248,0.050076075520694444,50
75,0.2,random_individual,5,0.13715458839498434,0.051822900132157956,0.9905545926094055,0.05228029786539766,50
75,0.2,random_individual,6,0.12297326220142712,0.05608202275528157,0.994991524219513,0.05450667505128917,50
75,0.2,random_individual,7,0.11236110662329096,0.05648366350591948,0.9991577017307282,0.05469579436250787,50
75,0.2,random_individual,8,0.10102283505327776,0.056169394373145075,1.002814656496048,0.053618069925845356,50
75,0.2,random_individual,9,0.09505202019188042,0.05839297517647975,1.0062079012393952,0.05387585018656592,50
75,0.2,random_individual,10,0.09625521408581023,0.06345653225706181,1.00643630027771,0.05342060237527452,50
75,0.2,random_individual,11,0.08060629757802742,0.08091649805723754,1.0125138914585115,0.057178441389036314,50
75,0.2,random_individual,12,0.06564877029676654,0.07844068470655273,1.0184215712547302,0.05680007908917764,50
75,0.2,random_individual,13,0.04346531054572018,0.07895358166025634,1.022632633447647,0.055930151744176815,50
75,0.2,random_individual,14,0.04126820327514725,0.07155379608611855,1.026205109357834,0.05638733840047132,50
75,0.2,shapley_mean,0,0.1710149089099307,0.037168447421001914,0.9753442704677582,0.05152743702643759,10
75,0.2,shapley_mean,1,0.15748634926168292,0.044334215858858876,0.9807894408702851,0.056297339117577644,10
75,0.2,shapley_mean,2,0.1542869016361925,0.04910665240686654,0.9827690839767456,0.05770109734268258,10
75,0.2,shapley_mean,3,0.14723335560932396,0.046321701441130014,0.9863403141498566,0.062267282537056004,10
75,0.2,shapley_mean,4,0.13385946163536064,0.047733934186998214,0.9913821160793305,0.0611171204903595,10
75,0.2,shapley_mean,5,0.14599224882747347,0.05068370105031663,0.9887696921825408,0.05917236546521719,10
75,0.2,shapley_mean,6,0.152893052489465,0.04093391366553093,0.9874041140079498,0.05558476351727823,10
75,0.2,shapley_mean,7,0.1618332385309141,0.06905959962636897,0.9857749760150909,0.05422947801662215,10
75,0.2,shapley_mean,8,0.15865895958283918,0.06423363961703463,0.9877729415893555,0.05626924449314779,10
75,0.2,shapley_mean,9,0.16640658468777234,0.042336492458578553,0.9865677893161774,0.05378959085063057,10
75,0.2,shapley_mean,10,0.14905050569927097,0.052384191177004595,0.9906318962574006,0.05998388575631999,10
75,0.2,shapley_mean,11,0.15293061462201696,0.045529024864016734,0.9913058400154113,0.06051490484908854,10
75,0.2,shapley_mean,12,0.15954008526833835,0.039863475273498865,0.9932103812694549,0.0582838799203497,10
75,0.2,shapley_mean,13,0.1317057250716443,0.055657339557372426,1.0010268449783326,0.05545537271194323,10
75,0.2,shapley_mean,14,0.09315658683103176,0.04590769153043723,1.0085991382598878,0.05279155394054613,10
75,0.25,random_individual,0,0.15120179385518587,0.0214327079844073,0.9650925695896149,0.08278598826244991,50
75,0.25,random_individual,1,0.1478118481110931,0.024594557679143727,0.9665351390838623,0.08306691877579817,50
75,0.25,random_individual,2,0.1487310998060738,0.02755133559626865,0.9667257606983185,0.0828346860866263,50
75,0.25,random_individual,3,0.14766292597875832,0.03214718631474193,0.9677113652229309,0.08205498278127282,50
75,0.25,random_individual,4,0.14278919107147664,0.03734488501874198,0.9701352572441101,0.08107594155742348,50
75,0.25,random_individual,5,0.13426435432659178,0.04108447752654613,0.9730150151252747,0.0824960497601673,50
75,0.25,random_individual,6,0.1286596320033699,0.04847582422629093,0.9763901114463807,0.08366070609752262,50
75,0.25,random_individual,7,0.12937155891043642,0.05403818838286449,0.9782213878631592,0.08235907972864955,50
75,0.25,random_individual,8,0.11434035540593847,0.06153388725585483,0.9841883683204651,0.08448697754329108,50
75,0.25,random_individual,9,0.09879957027134267,0.0651525196268457,0.9885512888431549,0.08263133509578832,50
75,0.25,random_individual,10,0.08845861652006036,0.07214730260873406,0.9917771065235138,0.08208027212366004,50
75,0.25,random_individual,11,0.06489421527929536,0.08073299234772081,0.9973463523387909,0.08385973989704734,50
75,0.25,random_individual,12,0.05440377341341093,0.08500428882507091,1.0001552438735961,0.08590436544117169,50
75,0.25,random_individual,13,0.033798682311618526,0.09896455556461461,1.0032271993160249,0.08471320783738856,50
75,0.25,random_individual,14,0.025345654101854055,0.08986368956110048,1.016780322790146,0.08443693582572052,50
75,0.25,shapley_mean,0,0.15120179385518587,0.022364996264350682,0.9650925695896149,0.08638704542502426,10
75,0.25,shapley_mean,1,0.13158687364071264,0.036107308046271824,0.9722910642623901,0.08775405410066016,10
75,0.25,shapley_mean,2,0.10773958697605954,0.05174740138833834,0.978816157579422,0.0823681857555814,10
75,0.25,shapley_mean,3,0.0945175649657201,0.059080388970298645,0.9824468791484833,0.08236643661273824,10
75,0.25,shapley_mean,4,0.1044373794230757,0.0535051999656992,0.9813181936740876,0.08441981448504739,10
75,0.25,shapley_mean,5,0.10796604959407374,0.06095421634664129,0.9807194113731384,0.08854533090085394,10
75,0.25,shapley_mean,6,0.11015746594766987,0.061617428990751025,0.9808092415332794,0.08548605435138747,10
75,0.25,shapley_mean,7,0.11168599235094409,0.07237885106645293,0.9806280970573426,0.08781795191486948,10
75,0.25,shapley_mean,8,0.12116314670010182,0.07779433827464641,0.9828126192092895,0.08454606695123022,10
75,0.25,shapley_mean,9,0.12678201127097272,0.07532435038343624,0.9820008695125579,0.08499975756936856,10
75,0.25,shapley_mean,10,0.14139489059252305,0.07495854055525204,0.9805145859718323,0.0847216280783692,10
75,0.25,shapley_mean,11,0.14811113084986677,0.050554647480220406,0.9793325901031494,0.08127547875583702,10
75,0.25,shapley_mean,12,0.14641347665092572,0.0561507928111169,0.9824408054351806,0.0846514381766358,10
75,0.25,shapley_mean,13,0.13377369438169093,0.0714235891852449,0.9871809303760528,0.08604290518862019,10
75,0.25,shapley_mean,14,0.11261371735412543,0.059947124213578624,1.002746593952179,0.08415240155451438,10
100,0.05,random_individual,0,0.16216391956601073,0.03408972791097763,0.9600892066955566,0.0874466849774437,50
100,0.05,random_individual,1,0.16084683758828336,0.03841323511919693,0.9606800162792206,0.08699583167046186,50
100,0.05,random_individual,2,0.1581499384394628,0.04041648121051563,0.9624141049385071,0.08783869800139471,50
100,0.05,random_individual,3,0.15220504496573048,0.046152250445940825,0.9647245275974273,0.08713726003745308,50
100,0.05,random_individual,4,0.151991935798392,0.05158035509533801,0.9653033149242402,0.0877811816253561,50
100,0.05,random_individual,5,0.14267122111557468,0.05695831085034107,0.9696342408657074,0.09059539542972893,50
100,0.05,random_individual,6,0.13392991512073998,0.06212227733051369,0.9730219030380249,0.09274292369673524,50
100,0.05,random_individual,7,0.12664560212651474,0.06133963737632202,0.9766429734230041,0.09233972120997594,50
100,0.05,random_individual,8,0.1214242976924578,0.07029794669498646,0.9789918851852417,0.09278519856090098,50
100,0.05,random_individual,9,0.10538873598001848,0.07335629252535933,0.9845076274871826,0.09116930672644452,50
100,0.05,random_individual,10,0.09814452398792303,0.08683143699818335,0.986619039773941,0.08930125323796508,50
100,0.05,random_individual,11,0.08261496409247178,0.09480400735406953,0.9916482031345367,0.0902068127891444,50
100,0.05,random_individual,12,0.08219022447350222,0.09652538668121852,0.9940683603286743,0.08923617886295829,50
100,0.05,random_individual,13,0.07034383733879933,0.10193579107852559,0.9991617023944854,0.09141126288774358,50
100,0.05,random_individual,14,0.04993515355282762,0.10489861761326577,1.0062217712402344,0.09208348844220136,50
100,0.05,shapley_mean,0,0.1621639195660107,0.035572576173595015,0.9600892066955566,0.09125047494106776,10
100,0.05,shapley_mean,1,0.13611442325344067,0.04280414548661619,0.9701290249824523,0.09528315335439025,10
100,0.05,shapley_mean,2,0.13326389291963553,0.04497231488573461,0.9713262975215912,0.09676099335166286,10
100,0.05,shapley_mean,3,0.12014240929435556,0.04660018061801142,0.9762394487857818,0.0938697495201218,10
100,0.05,shapley_mean,4,0.13044501491041774,0.06603602173511261,0.9748043298721314,0.09476750684686502,10
100,0.05,shapley_mean,5,0.12866261551256158,0.06467372104701175,0.9770745694637298,0.09446318001743972,10
100,0.05,shapley_mean,6,0.12141105668111066,0.06645989810723794,0.9794294476509094,0.0940076389534602,10
100,0.05,shapley_mean,7,0.12302436693659247,0.0547335215100663,0.9807790160179138,0.09330797985853286,10
100,0.05,shapley_mean,8,0.1128554527890254,0.05420713867386167,0.9830201089382171,0.0952425338559969,10
100,0.05,shapley_mean,9,0.12514642003627716,0.05547139689620479,0.9816210567951202,0.0943052627360171,10
100,0.05,shapley_mean,10,0.10149653269883921,0.060319438204461034,0.9872264444828034,0.0951009779079527,10
100,0.05,shapley_mean,11,0.07738702103711036,0.04973593063312052,0.9924110651016236,0.09330546533032148,10
100,0.05,shapley_mean,12,0.06847944112989027,0.0632073418638966,0.9951255142688751,0.09531867810565378,10
100,0.05,shapley_mean,13,0.09115180270028232,0.02575974781892597,0.9933004021644593,0.09642588048933426,10
100,0.05,shapley_mean,14,0.08064883871324947,0.07514348305184904,0.999194610118866,0.09519867667241214,10
100,0.1,random_individual,0,0.14039335393188787,0.04063605697762702,0.9634826481342316,0.07549345801948965,50
100,0.1,random_individual,1,0.1376838074684196,0.04169147584337355,0.964660701751709,0.07582387106703697,50
100,0.1,random_individual,2,0.13268714571754792,0.04456722077505347,0.9664561378955842,0.07456726944706268,50
100,0.1,random_individual,3,0.12977088572798906,0.04866502128212179,0.9676679027080536,0.07513138272745316,50
100,0.1,random_individual,4,0.1282860666020983,0.047246934365445734,0.9685540199279785,0.07597632361284984,50
100,0.1,random_individual,5,0.12054230989917677,0.051827851780108666,0.9712975800037384,0.07655808120599843,50
100,0.1,random_individual,6,0.11153273671814197,0.049903127159807256,0.9749787545204163,0.08001849558064801,50
100,0.1,random_individual,7,0.10749936083055438,0.055675455276011185,0.9769134414196015,0.08000082154287042,50
100,0.1,random_individual,8,0.09900539533510946,0.06611810622800555,0.9797046959400177,0.07973578219552903,50
100,0.1,random_individual,9,0.09230268821660602,0.07973489672472922,0.9817922329902649,0.08102849381039873,50
100,0.1,random_individual,10,0.08194623206018693,0.09850155101215351,0.98517706990242,0.0803171477847514,50
100,0.1,random_individual,11,0.07834656811168253,0.10778100833369895,0.9870478761196136,0.07977382729569987,50
100,0.1,random_individual,12,0.06535713482434087,0.10300983939000291,0.9902446222305298,0.07888443220231443,50
100,0.1,random_individual,13,0.05273857272688407,0.09334240712933556,0.9940429627895355,0.08082048469067168,50
100,0.1,random_individual,14,0.038298410886662505,0.09145822717995652,1.004525316953659,0.08443510656328884,50
100,0.1,shapley_mean,0,0.14039335393188787,0.04240366001178002,0.9634826481342316,0.07877730186111592,10
100,0.1,shapley_mean,1,0.12749536619562074,0.03259032250402433,0.9678021907806397,0.08231722287245077,10
100,0.1,shapley_mean,2,0.10420867101545339,0.05187155916924659,0.9756892383098602,0.08429923447334178,10
100,0.1,shapley_mean,3,0.1021819947336859,0.043218746085108325,0.9771147489547729,0.08305839570088003,10
100,0.1,shapley_mean,4,0.10020311104176804,0.037751710775915985,0.9769212424755096,0.0838441196917459,10
100,0.1,shapley_mean,5,0.10019463586697516,0.05038630513091081,0.9772926390171051,0.08282006765707739,10
100,0.1,shapley_mean,6,0.1184494329649775,0.05937049209197286,0.9740569293498993,0.0779956289320972,10
100,0.1,shapley_mean,7,0.12161186483494701,0.06396254646028778,0.9736022830009461,0.08028570966711877,10
100,0.1,shapley_mean,8,0.12275760395689446,0.060844101877786674,0.9737480282783508,0.0801213272519884,10
100,0.1,shapley_mean,9,0.10871247376089943,0.06900848255196101,0.9767216980457306,0.0835287210480093,10
100,0.1,shapley_mean,10,0.11706522377370657,0.06532430126657192,0.9763799190521241,0.08178565343875627,10
100,0.1,shapley_mean,11,0.12108141907848773,0.05843332563522288,0.9773986577987671,0.08715368490824897,10
100,0.1,shapley_mean,12,0.12770632755883565,0.045927097632570114,0.9763431787490845,0.08806742728795243,10
100,0.1,shapley_mean,13,0.10730711480339306,0.04087816557346935,0.9812987267971038,0.08737580198214594,10
100,0.1,shapley_mean,14,0.09250388294274203,0.06683816250092031,0.9917904436588287,0.08799293074212891,10
100,0.15,random_individual,0,0.16441455986082373,0.03380944651096708,1.0219094157218933,0.046279978592564386,50
100,0.15,random_individual,1,0.1620401054321583,0.03622459786906124,1.0233260810375213,0.04667565994889617,50
100,0.15,random_individual,2,0.15613084807963054,0.041473077557914795,1.0265450036525727,0.04767934788671609,50
100,0.15,random_individual,3,0.15337542851791336,0.04223874153742536,1.0280630326271056,0.04695322751695744,50
100,0.15,random_individual,4,0.15019458570776367,0.04682979564519629,1.0302708208560944,0.048999408645568183,50
100,0.15,random_individual,5,0.14511019098998926,0.0478889244941538,1.0333335995674133,0.04916025786265287,50
100,0.15,random_individual,6,0.13596323947184571,0.05284907786058318,1.0369598042964936,0.049725770211310506,50
100,0.15,random_individual,7,0.12605832532640002,0.061071530128438946,1.0412525928020477,0.050338895031411326,50
100,0.15,random_individual,8,0.126037363710236,0.06811228289305041,1.042703731060028,0.05040021208234045,50
100,0.15,random_individual,9,0.10710829276233838,0.06928223476177293,1.0490028429031373,0.04889338846315705,50
100,0.15,random_individual,10,0.08922625656871924,0.07959839626505257,1.0547996652126312,0.049086918937056405,50
100,0.15,random_individual,11,0.07513553521334548,0.08114030772596066,1.0580839598178864,0.04651253769898982,50
100,0.15,random_individual,12,0.0628836912735439,0.08952389829107785,1.0619795989990235,0.04702954764348968,50
100,0.15,random_individual,13,0.05761498867578532,0.09460440881359942,1.0638406908512115,0.047426223040098234,50
100,0.15,random_individual,14,0.03866514216704492,0.0902148150321542,1.0701369142532349,0.049156509805447904,50
100,0.15,shapley_mean,0,0.16441455986082376,0.03528010298407722,1.0219094157218933,0.04829308312743089,10
100,0.15,shapley_mean,1,0.16035013428693085,0.03424773144112242,1.023837721347809,0.047642211347459766,10
100,0.15,shapley_mean,2,0.15367006828305493,0.05385354999989585,1.028166514635086,0.050786214556946464,10
100,0.15,shapley_mean,3,0.13553959973174248,0.054281087471560546,1.0360831141471862,0.051520715539685215,10
100,0.15,shapley_mean,4,0.12718533707891808,0.06115020984706368,1.040049922466278,0.05150929012310552,10
100,0.15,shapley_mean,5,0.13264686715175902,0.06042414366605812,1.038692843914032,0.04839860903547427,10
100,0.15,shapley_mean,6,0.12285927115712107,0.055452017033527964,1.0421313226222992,0.05118406792055026,10
100,0.15,shapley_mean,7,0.11928226830227895,0.07063839384266597,1.0444671094417572,0.053353332488579944,10
100,0.15,shapley_mean,8,0.12790447541384925,0.05779352084771009,1.0406199038028716,0.04893149453389824,10
100,0.15,shapley_mean,9,0.13608557733985033,0.05830083827926453,1.040201884508133,0.04971571445484045,10
100,0.15,shapley_mean,10,0.1331316201555093,0.04939186706447542,1.041167002916336,0.04691137521106587,10
100,0.15,shapley_mean,11,0.10828260104327388,0.054783915218610084,1.0457533538341521,0.05030383941503908,10
100,0.15,shapley_mean,12,0.08773779378771251,0.07877171093528898,1.0510215163230896,0.056058805059529045,10
100,0.15,shapley_mean,13,0.07531264323771239,0.096815152153318,1.055599969625473,0.05409021282760579,10
100,0.15,shapley_mean,14,0.07176838860199736,0.10409936641977229,1.0620545268058776,0.044262423403390906,10
100,0.2,random_individual,0,0.1710149089099307,0.035619075022065856,0.9753442704677582,0.04937950795605177,50
100,0.2,random_individual,1,0.16658936628408608,0.04157029115261195,0.9774015569686889,0.049793981668782315,50
100,0.2,random_individual,2,0.1646549353932475,0.04417703400113185,0.9794885385036468,0.051142654059050545,50
100,0.2,random_individual,3,0.16151273143514036,0.04429403191716505,0.9811047327518463,0.05028583734145811,50
100,0.2,random_individual,4,0.15285780180578007,0.05617362675012081,0.9845072293281555,0.0499247726538514,50
100,0.2,random_individual,5,0.13711745528777874,0.04955441502807339,0.9907052516937256,0.05179385384235867,50
100,0.2,random_individual,6,0.12297326220142712,0.05608202275528157,0.994991524219513,0.05450667505128917,50
100,0.2,random_individual,7,0.11358746489589176,0.05717394524894135,0.9986638367176056,0.054661319659878714,50
100,0.2,random_individual,8,0.10102283505327776,0.056169394373145075,1.002814656496048,0.053618069925845356,50
100,0.2,random_individual,9,0.09505202019188042,0.05839297517647975,1.0062079012393952,0.05387585018656592,50
100,0.2,random_individual,10,0.09625521408581023,0.06345653225706181,1.00643630027771,0.05342060237527452,50
100,0.2,random_individual,11,0.08181773655779093,0.07952721309997592,1.0123227965831756,0.05713537623454837,50
100,0.2,random_individual,12,0.06834600569447755,0.07427225326935269,1.0179456758499146,0.05653246930887531,50
100,0.2,random_individual,13,0.04346531054572018,0.07895358166025634,1.022632633447647,0.055930151744176815,50
100,0.2,random_individual,14,0.04693653987450681,0.0733380567285997,1.0268080174922942,0.056687627220915554,50
100,0.2,shapley_mean,0,0.1710149089099307,0.037168447421001914,0.9753442704677582,0.05152743702643759,10
100,0.2,shapley_mean,1,0.15748634926168292,0.044334215858858876,0.9807894408702851,0.056297339117577644,10
100,0.2,shapley_mean,2,0.1542869016361925,0.04910665240686654,0.9827690839767456,0.05770109734268258,10
100,0.2,shapley_mean,3,0.14032616270889825,0.04009083808729366,0.988347715139389,0.058214539293235196,10
100,0.2,shapley_mean,4,0.13871164936493235,0.04725420786347532,0.9900446593761444,0.05822985846729573,10
100,0.2,shapley_mean,5,0.1448953661375017,0.045603663516456006,0.9893716752529145,0.05822243441695454,10
100,0.2,shapley_mean,6,0.152893052489465,0.04093391366553093,0.9874041140079498,0.05558476351727823,10
100,0.2,shapley_mean,7,0.16993847335698747,0.054772942365243354,0.9840932548046112,0.052339035166672904,10
100,0.2,shapley_mean,8,0.15865895958283918,0.06423363961703463,0.9877729415893555,0.05626924449314779,10
100,0.2,shapley_mean,9,0.16640658468777234,0.042336492458578553,0.9865677893161774,0.05378959085063057,10
100,0.2,shapley_mean,10,0.14905050569927097,0.052384191177004595,0.9906318962574006,0.05998388575631999,10
100,0.2,shapley_mean,11,0.15315714571116182,0.045482214754468675,0.9910960912704467,0.06054897924883293,10
100,0.2,shapley_mean,12,0.1567291755930621,0.038549082352326784,0.9937407076358795,0.058518867406309745,10
100,0.2,shapley_mean,13,0.1317057250716443,0.055657339557372426,1.0010268449783326,0.05545537271194323,10
100,0.2,shapley_mean,14,0.09497438942237281,0.04752605397256926,1.0102223753929138,0.05377679891306053,10
100,0.25,random_individual,0,0.15120179385518587,0.0214327079844073,0.9650925695896149,0.08278598826244991,50
100,0.25,random_individual,1,0.1474719916486066,0.024564341776150772,0.9665696191787719,0.08309904597604963,50
100,0.25,random_individual,2,0.1487310998060738,0.02755133559626865,0.9667257606983185,0.0828346860866263,50
100,0.25,random_individual,3,0.1480832950803527,0.032176928262529186,0.9675160336494446,0.0818903376944342,50
100,0.25,random_individual,4,0.14297997331682993,0.03654430242496165,0.9700003814697266,0.08101973224584436,50
100,0.25,random_individual,5,0.13223077026007649,0.044636039637604936,0.9735516357421875,0.08264522309506396,50
100,0.25,random_individual,6,0.12921925657494873,0.04818549352416122,0.9758720564842224,0.08281843022363325,50
100,0.25,random_individual,7,0.12937155891043642,0.05403818838286449,0.9782213878631592,0.08235907972864955,50
100,0.25,random_individual,8,0.1175889039471382,0.06163462095720037,0.9831769716739654,0.08536561568078337,50
100,0.25,random_individual,9,0.09879957027134267,0.0651525196268457,0.9885512888431549,0.08263133509578832,50
100,0.25,random_individual,10,0.08845861652006036,0.07214730260873406,0.9917771065235138,0.08208027212366004,50
100,0.25,random_individual,11,0.06451597704931676,0.08151512145811998,0.9975590550899506,0.08387780605200186,50
100,0.25,random_individual,12,0.05440377341341093,0.08500428882507091,1.0001552438735961,0.08590436544117169,50
100,0.25,random_individual,13,0.03173303147676187,0.09826544261914011,1.0040487766265869,0.08436445253822751,50
100,0.25,random_individual,14,0.025345654101854055,0.08986368956110048,1.016780322790146,0.08443693582572052,50
100,0.25,shapley_mean,0,0.15120179385518587,0.022364996264350682,0.9650925695896149,0.08638704542502426,10
100,0.25,shapley_mean,1,0.13128726842015007,0.03625643474278437,0.972297215461731,0.08776087725998596,10
100,0.25,shapley_mean,2,0.10773958697605954,0.05174740138833834,0.978816157579422,0.0823681857555814,10
100,0.25,shapley_mean,3,0.09408255412613649,0.058217716433145085,0.9833820283412933,0.08285589791259806,10
100,0.25,shapley_mean,4,0.09974230948843088,0.0517531069133955,0.9822273492813111,0.08444492129585125,10
100,0.25,shapley_mean,5,0.10746413604180835,0.06071299733851627,0.9806311666965485,0.08854660385899432,10
100,0.25,shapley_mean,6,0.10773539426081528,0.061235783644694175,0.9815090715885162,0.08633924112940602,10
100,0.25,shapley_mean,7,0.11168599235094409,0.07237885106645293,0.9806280970573426,0.08781795191486948,10
100,0.25,shapley_mean,8,0.11857052830716328,0.08018492382082508,0.9828711986541748,0.08300702877847266,10
100,0.25,shapley_mean,9,0.12678201127097272,0.07532435038343624,0.9820008695125579,0.08499975756936856,10
100,0.25,shapley_mean,10,0.14139489059252305,0.07495854055525204,0.9805145859718323,0.0847216280783692,10
100,0.25,shapley_mean,11,0.1501125591704105,0.05099494513273166,0.9790760755538941,0.0815964208700213,10
100,0.25,shapley_mean,12,0.14641347665092572,0.0561507928111169,0.9824408054351806,0.0846514381766358,10
100,0.25,shapley_mean,13,0.12706180923397842,0.07314289459223935,0.9885599195957184,0.085365235153585,10
100,0.25,shapley_mean,14,0.11261371735412543,0.059947124213578624,1.002746593952179,0.08415240155451438,10
