permutation_index,source_island,phi_running,rank_running,source_island_name,target_island
1,0,0.07028732597881447,3,Nesøy,14
1,1,-0.013876382232930945,9,Myken,14
1,2,0.009841560051100776,6,Træna,14
1,3,-0.07653201101392357,15,Selvær,14
1,4,-0.05702089714919196,13,Gjerøy,14
1,5,0.007154706095935243,7,Hestmannøy,14
1,6,-0.04510916814639315,12,Indre Kvarøy,14
1,7,-0.021677751884097984,10,Onøy og Lurøy,14
1,8,0.028402982907710872,5,Lovund,14
1,9,0.07380796291915136,2,Sleneset,14
1,10,-0.0027362187195785342,8,Aldra,14
1,11,0.03315860827166123,4,Southern 1,14
1,12,0.08802654821936534,1,Southern 2,14
1,13,-0.03128361552050857,11,Southern 3,14
1,15,-0.05980299836629265,14,Southern 5,14
2,0,0.09283418171636973,1,Nesøy,14
2,1,-0.01215110007214105,10,Myken,14
2,2,0.007921944783344355,6,Træna,14
2,3,-0.0480177439092597,14,Selvær,14
2,4,-0.03392899384259071,12,Gjerøy,14
2,5,-0.00956592767771397,9,Hestmannøy,14
2,6,-0.04100376312881997,13,Indre Kvarøy,14
2,7,0.002081558589771767,7,Onøy og Lurøy,14
2,8,0.02573509691801039,5,Lovund,14
2,9,0.04439931639752946,3,Sleneset,14
2,10,-0.0033417539614850125,8,Aldra,14
2,11,0.03315860827166123,4,Southern 1,14
2,12,0.08981685517086223,2,Southern 2,14
2,13,-0.03128361552050857,11,Southern 3,14
2,15,-0.11401401232420826,15,Southern 5,14
3,0,0.0780640274347414,2,Nesøy,14
3,1,-0.010859802477223254,9,Myken,14
3,2,0.006386971939755724,7,Træna,14
3,3,-0.042456855589019966,14,Selvær,14
3,4,-0.029330802145908632,11,Gjerøy,14
3,5,-0.0343665911323699,12,Hestmannøy,14
3,6,-0.03521726252125509,13,Indre Kvarøy,14
3,7,0.014496202688604744,6,Onøy og Lurøy,14
3,8,0.019648362566398115,5,Lovund,14
3,9,0.03929486594829647,3,Sleneset,14
3,10,-0.0026506978568847377,8,Aldra,14
3,11,0.035110557540626725,4,Southern 1,14
3,12,0.08091209206884802,1,Southern 2,14
3,13,-0.02766267293149648,10,Southern 3,14
3,15,-0.08872774412229122,15,Southern 5,14
4,0,0.062069278625953364,2,Nesøy,14
4,1,-0.011167750951901357,9,Myken,14
4,2,0.0066119180777793616,7,Træna,14
4,3,-0.03693914633003048,13,Selvær,14
4,4,-0.024263680708359686,10,Gjerøy,14
4,5,-0.037140101565412836,14,Hestmannøy,14
4,6,-0.03345889852208918,12,Indre Kvarøy,14
4,7,0.013901945178262527,6,Onøy og Lurøy,14
4,8,0.017122773154389974,5,Lovund,14
4,9,0.03236357584026253,4,Sleneset,14
4,10,-0.001879865541515945,8,Aldra,14
4,11,0.039713553877243096,3,Southern 1,14
4,12,0.07944685673320682,1,Southern 2,14
4,13,-0.030285083304079412,11,Southern 3,14
4,15,-0.07345472315288686,15,Southern 5,14
5,0,0.052798508419389066,2,Nesøy,14
5,1,-0.011994646866200977,9,Myken,14
5,2,0.0015175430949209887,7,Træna,14
5,3,-0.032493024368913784,13,Selvær,14
5,4,-0.0227631321755711,10,Gjerøy,14
5,5,-0.030549851830524388,11,Hestmannøy,14
5,6,-0.034095409429885745,14,Indre Kvarøy,14
5,7,0.01898665431986416,5,Onøy og Lurøy,14
5,8,0.016248091468748872,6,Lovund,14
5,9,0.028834664481425697,4,Sleneset,14
5,10,-0.0016539163755157024,8,Aldra,14
5,11,0.04537982978867434,3,Southern 1,14
5,12,0.07797316406870496,1,Southern 2,14
5,13,-0.03174281822165072,12,Southern 3,14
5,15,-0.07380500496264372,15,Southern 5,14
6,0,0.04698982451558636,2,Nesøy,14
6,1,-0.01140697482611225,9,Myken,14
6,2,0.0022384849970363617,7,Træna,14
6,3,-0.032713616843915376,12,Selvær,14
6,4,-0.021570894163290413,10,Gjerøy,14
6,5,-0.026746332723155047,11,Hestmannøy,14
6,6,-0.03290731604960989,13,Indre Kvarøy,14
6,7,0.018177223359473315,5,Onøy og Lurøy,14
6,8,0.015064129683102173,6,Lovund,14
6,9,0.027037173674019907,4,Sleneset,14
6,10,-0.001789309062512309,8,Aldra,14
6,11,0.04673694863841065,3,Southern 1,14
6,12,0.07703047673239448,1,Southern 2,14
6,13,-0.035281704706673606,14,Southern 3,14
6,15,-0.06821746181393241,15,Southern 5,14
7,0,0.04881745529779734,2,Nesøy,14
7,1,-0.017485176555801212,9,Myken,14
7,2,0.0025815430705059396,7,Træna,14
7,3,-0.033707013527251126,13,Selvær,14
7,4,-0.019658449389700617,10,Gjerøy,14
7,5,-0.02444758532016774,11,Hestmannøy,14
7,6,-0.05037596852707322,14,Indre Kvarøy,14
7,7,0.017147696047885644,6,Onøy og Lurøy,14
7,8,0.02156895002232736,5,Lovund,14
7,9,0.02487547067803427,4,Sleneset,14
7,10,-0.0011345325065282232,8,Aldra,14
7,11,0.04399653356247444,3,Southern 1,14
7,12,0.08933457275810733,1,Southern 2,14
7,13,-0.033543139539252705,12,Southern 3,14
7,15,-0.06532970466053553,15,Southern 5,14
8,0,0.044537608956416556,2,Nesøy,14
8,1,-0.01909766039274479,10,Myken,14
8,2,0.0023598709789070943,7,Træna,14
8,3,-0.03229818492276524,13,Selvær,14
8,4,-0.01799533041900839,9,Gjerøy,14
8,5,-0.022863964711460637,11,Hestmannøy,14
8,6,-0.05133084738930394,14,Indre Kvarøy,14
8,7,0.016248684339262832,6,Onøy og Lurøy,14
8,8,0.0200226492288693,5,Lovund,14
8,9,0.023344411394522292,4,Sleneset,14
8,10,-0.0007320427528469807,8,Aldra,14
8,11,0.04214531768531645,3,Southern 1,14
8,12,0.09198333878988853,1,Southern 2,14
8,13,-0.03210149715655796,12,Southern 3,14
8,15,-0.06158170221767317,15,Southern 5,14
9,0,0.0412687570863276,3,Nesøy,14
9,1,-0.023763587938934818,11,Myken,14
9,2,0.002766730109450501,7,Træna,14
9,3,-0.030067628953062094,12,Selvær,14
9,4,-0.018551023805308816,9,Gjerøy,14
9,5,-0.02092038080860405,10,Hestmannøy,14
9,6,-0.04907638124395004,14,Indre Kvarøy,14
9,7,0.014453653688754457,6,Onøy og Lurøy,14
9,8,0.018857340483112148,5,Lovund,14
9,9,0.028951472675036633,4,Sleneset,14
9,10,-0.0008225300357994912,8,Aldra,14
9,11,0.042625486247066476,2,Southern 1,14
9,12,0.08988934888863875,1,Southern 2,14
9,13,-0.03229621807415167,13,Southern 3,14
9,15,-0.06067438690775365,15,Southern 5,14
10,0,0.04867998512308734,2,Nesøy,14
10,1,-0.023836873948856308,11,Myken,14
10,2,0.0028714401048599626,7,Træna,14
10,3,-0.02949996790620424,12,Selvær,14
10,4,-0.017764291500009646,9,Gjerøy,14
10,5,-0.020124630297653944,10,Hestmannøy,14
10,6,-0.051487211034374314,14,Indre Kvarøy,14
10,7,0.01025510555026206,6,Onøy og Lurøy,14
10,8,0.01851642992068246,5,Lovund,14
10,9,0.027338177603510143,4,Sleneset,14
10,10,-0.0009076473719916206,8,Aldra,14
10,11,0.041922115218721814,3,Southern 1,14
10,12,0.09513774741821597,1,Southern 2,14
10,13,-0.04071611047273294,13,Southern 3,14
10,15,-0.0577436169966948,15,Southern 5,14
11,0,0.04568635194141904,2,Nesøy,14
11,1,-0.02586390161354941,11,Myken,14
11,2,0.002308593674117028,7,Træna,14
11,3,-0.02799657713752578,12,Selvær,14
11,4,-0.01654284458559729,9,Gjerøy,14
11,5,-0.02032897344093035,10,Hestmannøy,14
11,6,-0.05004540381207178,14,Indre Kvarøy,14
11,7,0.009331314907937096,6,Onøy og Lurøy,14
11,8,0.019394396083328838,5,Lovund,14
11,9,0.03156270354129571,4,Sleneset,14
11,10,-0.000947325458371354,8,Aldra,14
11,11,0.04307044988729109,3,Southern 1,14
11,12,0.09256590061018181,1,Southern 2,14
11,13,-0.039574695742447104,13,Southern 3,14
11,15,-0.059979337444255626,15,Southern 5,14
12,0,0.05149424240079454,2,Nesøy,14
12,1,-0.024809822707041632,11,Myken,14
12,2,0.002503641566625247,7,Træna,14
12,3,-0.026691958998716445,12,Selvær,14
12,4,-0.0172506829073716,9,Gjerøy,14
12,5,-0.02016897178759178,10,Hestmannøy,14
12,6,-0.05035486885655932,14,Indre Kvarøy,14
12,7,0.008865884510306158,6,Onøy og Lurøy,14
12,8,0.018612207998344437,5,Lovund,14
12,9,0.030270876301158947,4,Sleneset,14
12,10,-0.0008553224787327219,8,Aldra,14
12,11,0.041671347099065004,3,Southern 1,14
12,12,0.08639569169409979,1,Southern 2,14
12,13,-0.03938458550114512,13,Southern 3,14
12,15,-0.05765702692241357,15,Southern 5,14
13,0,0.05020073631912281,2,Nesøy,14
13,1,-0.025011805556487313,11,Myken,14
13,2,0.0025046376783996673,7,Træna,14
13,3,-0.025578976090771866,12,Selvær,14
13,4,-0.017098965871227497,9,Gjerøy,14
13,5,-0.024014270898691924,10,Hestmannøy,14
13,6,-0.04858186531906418,14,Indre Kvarøy,14
13,7,0.011208931154611123,6,Onøy og Lurøy,14
13,8,0.01770841675800091,5,Lovund,14
13,9,0.02887412029604776,4,Sleneset,14
13,10,-0.0006311647621353863,8,Aldra,14
13,11,0.042169321441458255,3,Southern 1,14
13,12,0.08481550068533729,1,Southern 2,14
13,13,-0.03820567265868593,13,Southern 3,14
13,15,-0.05571829176509179,15,Southern 5,14
14,0,0.048116871669873836,2,Nesøy,14
14,1,-0.0249470208237522,12,Myken,14
14,2,0.0025235533596630615,7,Træna,14
14,3,-0.02476194385878797,11,Selvær,14
14,4,-0.016956645535432906,9,Gjerøy,14
14,5,-0.022598169612426115,10,Hestmannøy,14
14,6,-0.04865850207166108,14,Indre Kvarøy,14
14,7,0.011537294881466875,6,Onøy og Lurøy,14
14,8,0.017057823432239633,5,Lovund,14
14,9,0.0320836804834123,4,Sleneset,14
14,10,-0.0006396615442339111,8,Aldra,14
14,11,0.04164346606289454,3,Southern 1,14
14,12,0.08957098658754178,1,Southern 2,14
14,13,-0.04710483071104193,13,Southern 3,14
14,15,-0.054226250908933994,15,Southern 5,14
15,0,0.04574048769460282,3,Nesøy,14
15,1,-0.024217941654668267,11,Myken,14
15,2,0.002756814756335358,7,Træna,14
15,3,-0.024713377674310408,12,Selvær,14
15,4,-0.016825328589388195,9,Gjerøy,14
15,5,-0.021374953425892875,10,Hestmannøy,14
15,6,-0.055760460826340556,15,Indre Kvarøy,14
15,7,0.011774327817123516,6,Onøy og Lurøy,14
15,8,0.016557035531314695,5,Lovund,14
15,9,0.03063767617852616,4,Sleneset,14
15,10,-0.0006107222798734217,8,Aldra,14
15,11,0.04600640962003589,2,Southern 1,14
15,12,0.08933328353022922,1,Southern 2,14
15,13,-0.04556619777577704,13,Southern 3,14
15,15,-0.05109640149109498,14,Southern 5,14
16,0,0.04533420465378134,3,Nesøy,14
16,1,-0.02537072016174203,12,Myken,14
16,2,0.0030581338289800038,7,Træna,14
16,3,-0.024069719019959777,11,Selvær,14
16,4,-0.018949885296269363,9,Gjerøy,14
16,5,-0.019791739730064692,10,Hestmannøy,14
16,6,-0.05597302269339891,15,Indre Kvarøy,14
16,7,0.011660657477234743,6,Onøy og Lurøy,14
16,8,0.016372676861823136,5,Lovund,14
16,9,0.02951200869298943,4,Sleneset,14
16,10,-0.000556655063063079,8,Aldra,14
16,11,0.047893696715165544,2,Southern 1,14
16,12,0.08851204453333535,1,Southern 2,14
16,13,-0.04524023278278278,13,Southern 3,14
16,15,-0.04975079660520698,14,Southern 5,14
17,0,0.04338233744408729,3,Nesøy,14
17,1,-0.024708665324991493,12,Myken,14
17,2,0.003167149431995937,7,Træna,14
17,3,-0.02369327429128303,11,Selvær,14
17,4,-0.019340837128022866,9,Gjerøy,14
17,5,-0.01975103554288267,10,Hestmannøy,14
17,6,-0.05409877627293321,15,Indre Kvarøy,14
17,7,0.011494748803621937,6,Onøy og Lurøy,14
17,8,0.015832854587278775,5,Lovund,14
17,9,0.02860970739901523,4,Sleneset,14
17,10,-7.967880379076107e-05,8,Aldra,14
17,11,0.046915999401642705,2,Southern 1,14
17,12,0.09420181717714803,1,Southern 2,14
17,13,-0.050175204589000655,14,Southern 3,14
17,15,-0.04911649088106328,13,Southern 5,14
18,0,0.04377159294569524,3,Nesøy,14
18,1,-0.02414986422595291,12,Myken,14
18,2,0.0028585967887957476,7,Træna,14
18,3,-0.0231164236792952,11,Selvær,14
18,4,-0.02108958150421531,10,Gjerøy,14
18,5,-0.019848430475839337,9,Hestmannøy,14
18,6,-0.053316273177646006,15,Indre Kvarøy,14
18,7,0.011524027897098455,6,Onøy og Lurøy,14
18,8,0.016178932079727603,5,Lovund,14
18,9,0.028612072960203405,4,Sleneset,14
18,10,8.80073067891401e-05,8,Aldra,14
18,11,0.047509201803312515,2,Southern 1,14
18,12,0.09283068212121474,1,Southern 2,14
18,13,-0.05108149871933056,14,Southern 3,14
18,15,-0.048130390709735606,13,Southern 5,14
19,0,0.04210947670086756,3,Nesøy,14
19,1,-0.023324535299622157,12,Myken,14
19,2,0.00303651770717442,7,Træna,14
19,3,-0.023124616757724804,11,Selvær,14
19,4,-0.020309623136668085,10,Gjerøy,14
19,5,-0.019399981003620934,9,Hestmannøy,14
19,6,-0.05289579718879281,14,Indre Kvarøy,14
19,7,0.011365078170302524,6,Onøy og Lurøy,14
19,8,0.015826600066938284,5,Lovund,14
19,9,0.03099080401067435,4,Sleneset,14
19,10,6.712270373163643e-05,8,Aldra,14
19,11,0.04730386111005266,2,Southern 1,14
19,12,0.09476467751882234,1,Southern 2,14
19,13,-0.05696109801787473,15,Southern 3,14
19,15,-0.046807835173438325,13,Southern 5,14
20,0,0.0406634104375869,3,Nesøy,14
20,1,-0.0227009355146573,11,Myken,14
20,2,0.0027216463828969653,7,Træna,14
20,3,-0.022937838200442606,12,Selvær,14
20,4,-0.01978396496740201,10,Gjerøy,14
20,5,-0.01914232446895442,9,Hestmannøy,14
20,6,-0.05337396944347548,14,Indre Kvarøy,14
20,7,0.011552596894732637,6,Onøy og Lurøy,14
20,8,0.015490751194998861,5,Lovund,14
20,9,0.03008529572839813,4,Sleneset,14
20,10,7.160208340966607e-05,8,Aldra,14
20,11,0.04691905227939311,2,Southern 1,14
20,12,0.09555267869349907,1,Southern 2,14
20,13,-0.05642373297900695,15,Southern 3,14
20,15,-0.046053616710154656,13,Southern 5,14
21,0,0.039335292256415466,3,Nesøy,14
21,1,-0.022107179552732847,11,Myken,14
21,2,0.002875045154272386,7,Træna,14
21,3,-0.022399358926108354,12,Selvær,14
21,4,-0.01923304548021039,10,Gjerøy,14
21,5,-0.01901996809272431,9,Hestmannøy,14
21,6,-0.052502400744228093,14,Indre Kvarøy,14
21,7,0.011527379828477569,6,Onøy og Lurøy,14
21,8,0.015545481238945294,5,Lovund,14
21,9,0.029743935406094917,4,Sleneset,14
21,10,0.00016487534901832662,8,Aldra,14
21,11,0.048490694957189134,2,Southern 1,14
21,12,0.09434022903686048,1,Southern 2,14
21,13,-0.05651244592746375,15,Southern 3,14
21,15,-0.0476078830929839,13,Southern 5,14
22,0,0.03809116206702006,3,Nesøy,14
22,1,-0.02150002621077042,11,Myken,14
22,2,0.002845179204577301,7,Træna,14
22,3,-0.022619589789146057,12,Selvær,14
22,4,-0.018722101764877794,10,Gjerøy,14
22,5,-0.018694052168264072,9,Hestmannøy,14
22,6,-0.052970889158154046,14,Indre Kvarøy,14
22,7,0.011557888216335195,6,Onøy og Lurøy,14
22,8,0.015464388218302644,5,Lovund,14
22,9,0.0289330861922779,4,Sleneset,14
22,10,0.00018122730644313495,8,Aldra,14
22,11,0.04805569273660466,2,Southern 1,14
22,12,0.0950758868539285,1,Southern 2,14
22,13,-0.056087282292567764,15,Southern 3,14
22,15,-0.046969918000887304,13,Southern 5,14
23,0,0.0414515914316681,3,Nesøy,14
23,1,-0.020926207482321834,11,Myken,14
23,2,0.003064401699039267,7,Træna,14
23,3,-0.022790826179933978,12,Selvær,14
23,4,-0.018934053489046837,10,Gjerøy,14
23,5,-0.018170270936168968,9,Hestmannøy,14
23,6,-0.05904378577880716,15,Indre Kvarøy,14
23,7,0.012406013253888303,6,Onøy og Lurøy,14
23,8,0.01554571049318222,5,Lovund,14
23,9,0.028468675244994995,4,Sleneset,14
23,10,-0.0001037906829270605,8,Aldra,14
23,11,0.04904571125581269,2,Southern 1,14
23,12,0.09357727284466712,1,Southern 2,14
23,13,-0.05465827357554291,14,Southern 3,14
23,15,-0.046291516687682,13,Southern 5,14
24,0,0.04022649922909723,3,Nesøy,14
24,1,-0.020407141113294617,11,Myken,14
24,2,0.003188603884628821,7,Træna,14
24,3,-0.02526571244463562,12,Selvær,14
24,4,-0.018963786007002756,10,Gjerøy,14
24,5,-0.017928534191831175,9,Hestmannøy,14
24,6,-0.06057670148555741,15,Indre Kvarøy,14
24,7,0.013527658155237569,6,Onøy og Lurøy,14
24,8,0.016593661370287224,5,Lovund,14
24,9,0.027771674753567368,4,Sleneset,14
24,10,-0.00030043224836902993,8,Aldra,14
24,11,0.05074018394553673,2,Southern 1,14
24,12,0.09289614697318115,1,Southern 2,14
24,13,-0.05313628735670466,14,Southern 3,14
24,15,-0.04572518205331888,13,Southern 5,14
25,0,0.03919669274916089,3,Nesøy,14
25,1,-0.02024147281533362,11,Myken,14
25,2,0.0031238552964016997,7,Træna,14
25,3,-0.02487257367828807,12,Selvær,14
25,4,-0.0194031971957747,10,Gjerøy,14
25,5,-0.01737894693979675,9,Hestmannøy,14
25,6,-0.05972186142573755,15,Indre Kvarøy,14
25,7,0.013387029099653265,6,Onøy og Lurøy,14
25,8,0.016510149345709168,5,Lovund,14
25,9,0.027137207516650736,4,Sleneset,14
25,10,0.0004210063298436192,8,Aldra,14
25,11,0.04985264541530698,2,Southern 1,14
25,12,0.09185259101085157,1,Southern 2,14
25,13,-0.05191155605513886,14,Southern 3,14
25,15,-0.045310917242686426,13,Southern 5,14
26,0,0.039627163661617414,3,Nesøy,14
26,1,-0.019794389399515132,10,Myken,14
26,2,0.0032326170580837302,7,Træna,14
26,3,-0.025001022851635444,12,Selvær,14
26,4,-0.020611467915148243,11,Gjerøy,14
26,5,-0.017041548329062507,9,Hestmannøy,14
26,6,-0.06049848487540667,15,Indre Kvarøy,14
26,7,0.01361050212318503,6,Onøy og Lurøy,14
26,8,0.01616509222918662,5,Lovund,14
26,9,0.026551363100707267,4,Sleneset,14
26,10,0.0004281500440857639,8,Aldra,14
26,11,0.050523494751159206,2,Southern 1,14
26,12,0.09176057456363942,1,Southern 2,14
26,13,-0.05141727345048944,14,Southern 3,14
26,15,-0.04489411929958509,13,Southern 5,14
27,0,0.038609582121890196,3,Nesøy,14
27,1,-0.019378734167854714,10,Myken,14
27,2,0.0032873804687407592,7,Træna,14
27,3,-0.024571717201519624,12,Selvær,14
27,4,-0.02076765900772708,11,Gjerøy,14
27,5,-0.016667434450973198,9,Hestmannøy,14
27,6,-0.05946255447230802,15,Indre Kvarøy,14
27,7,0.013445549495035554,6,Onøy og Lurøy,14
27,8,0.01593303081244532,5,Lovund,14
27,9,0.02617310194213423,4,Sleneset,14
27,10,0.00038816135965294744,8,Aldra,14
27,11,0.05333039927018634,2,Southern 1,14
27,12,0.09110977413666238,1,Southern 2,14
27,13,-0.05429569863708192,14,Southern 3,14
27,15,-0.04449253025846121,13,Southern 5,14
28,0,0.03779574546810691,3,Nesøy,14
28,1,-0.019100132719701828,10,Myken,14
28,2,0.003245998123241139,7,Træna,14
28,3,-0.029089926661922283,12,Selvær,14
28,4,-0.02114035016298595,11,Gjerøy,14
28,5,-0.01631082825422637,9,Hestmannøy,14
28,6,-0.059276428478574575,15,Indre Kvarøy,14
28,7,0.01683031474329469,5,Onøy og Lurøy,14
28,8,0.015681108692914524,6,Lovund,14
28,9,0.025685479279171967,4,Sleneset,14
28,10,0.00035217825349312783,8,Aldra,14
28,11,0.0525008657161611,2,Southern 1,14
28,12,0.09277278310623907,1,Southern 2,14
28,13,-0.053282405523831795,14,Southern 3,14
28,15,-0.044023750170557784,13,Southern 5,14
29,0,0.036946049586170815,3,Nesøy,14
29,1,-0.01899170286617731,10,Myken,14
29,2,0.002901378798280867,7,Træna,14
29,3,-0.028564962704106255,12,Selvær,14
29,4,-0.021129523082652885,11,Gjerøy,14
29,5,-0.016329379588774773,9,Hestmannøy,14
29,6,-0.05805511461292006,15,Indre Kvarøy,14
29,7,0.016630534272404986,5,Onøy og Lurøy,14
29,8,0.015423142121193696,6,Lovund,14
29,9,0.025164810867439415,4,Sleneset,14
29,10,0.000389237426189856,8,Aldra,14
29,11,0.052536095963434594,2,Southern 1,14
29,12,0.09181970838340747,1,Southern 2,14
29,13,-0.052149246290371126,14,Southern 3,14
29,15,-0.04395037686269736,13,Southern 5,14
30,0,0.036402350416266,3,Nesøy,14
30,1,-0.018993581599188434,10,Myken,14
30,2,0.002978618614270292,7,Træna,14
30,3,-0.028618469194880324,12,Selvær,14
30,4,-0.021334875919100483,11,Gjerøy,14
30,5,-0.01592469536551463,9,Hestmannøy,14
30,6,-0.057263007633332426,15,Indre Kvarøy,14
30,7,0.01652255001448486,5,Onøy og Lurøy,14
30,8,0.015247125261742342,6,Lovund,14
30,9,0.02489886797863388,4,Sleneset,14
30,10,0.0002808341500598066,8,Aldra,14
30,11,0.052568977527556515,2,Southern 1,14
30,12,0.09121425785029767,1,Southern 2,14
30,13,-0.05172773077260392,14,Southern 3,14
30,15,-0.04361056991786919,13,Southern 5,14
31,0,0.0356261035210217,3,Nesøy,14
31,1,-0.01872559100209671,10,Myken,14
31,2,0.0030893627607152647,7,Træna,14
31,3,-0.028181780080198386,12,Selvær,14
31,4,-0.0206850685956214,11,Gjerøy,14
31,5,-0.015818623368685752,9,Hestmannøy,14
31,6,-0.056277422088789185,15,Indre Kvarøy,14
31,7,0.016305320778111258,5,Onøy og Lurøy,14
31,8,0.015188458828883531,6,Lovund,14
31,9,0.024941910906326786,4,Sleneset,14
31,10,0.0002727388786286362,8,Aldra,14
31,11,0.05386601861774777,2,Southern 1,14
31,12,0.09046152320033514,1,Southern 2,14
31,13,-0.054224731505374324,14,Southern 3,14
31,15,-0.04319756944018236,13,Southern 5,14
32,0,0.03527544567612047,3,Nesøy,14
32,1,-0.020193432704364217,10,Myken,14
32,2,0.0031412795193356165,7,Træna,14
32,3,-0.032022398893092004,12,Selvær,14
32,4,-0.020316866400547317,11,Gjerøy,14
32,5,-0.015799409654029883,9,Hestmannøy,14
32,6,-0.05634589594868975,15,Indre Kvarøy,14
32,7,0.016106892078136002,5,Onøy og Lurøy,14
32,8,0.015063861824017867,6,Lovund,14
32,9,0.024639448664429485,4,Sleneset,14
32,10,0.0003444530058227405,8,Aldra,14
32,11,0.052824365949082235,2,Southern 1,14
32,12,0.09622631818838037,1,Southern 2,14
32,13,-0.053209970232002725,14,Southern 3,14
32,15,-0.04309343966177692,13,Southern 5,14
33,0,0.03464863344919229,3,Nesøy,14
33,1,-0.0199518581765729,10,Myken,14
33,2,0.003128506598600582,7,Træna,14
33,3,-0.03142599769850781,12,Selvær,14
33,4,-0.020216082517698544,11,Gjerøy,14
33,5,-0.015529580521209617,9,Hestmannøy,14
33,6,-0.056414419541624114,15,Indre Kvarøy,14
33,7,0.015968264678911992,5,Onøy og Lurøy,14
33,8,0.014968456588646598,6,Lovund,14
33,9,0.024194523299318985,4,Sleneset,14
33,10,0.0003387638328369675,8,Aldra,14
33,11,0.052095436456921836,2,Southern 1,14
33,12,0.09665960251637966,1,Southern 2,14
33,13,-0.052968378573310035,14,Southern 3,14
33,15,-0.042855218981063925,13,Southern 5,14
34,0,0.037023115919919726,3,Nesøy,14
34,1,-0.01962822470928227,10,Myken,14
34,2,0.003117758520334703,7,Træna,14
34,3,-0.03160032452382171,12,Selvær,14
34,4,-0.019886059613550028,11,Gjerøy,14
34,5,-0.018835119525824364,9,Hestmannøy,14
34,6,-0.055571699465420975,15,Indre Kvarøy,14
34,7,0.015981496921892806,5,Onøy og Lurøy,14
34,8,0.014754760666213784,6,Lovund,14
34,9,0.023846487022182727,4,Sleneset,14
34,10,0.0003635656102875604,8,Aldra,14
34,11,0.05088338421531116,2,Southern 1,14
34,12,0.09697444412115828,1,Southern 2,14
34,13,-0.05201109649037363,14,Southern 3,14
34,15,-0.04277183725820581,13,Southern 5,14
35,0,0.03926191367803416,3,Nesøy,14
35,1,-0.020484211287477547,11,Myken,14
35,2,0.00336901491561705,7,Træna,14
35,3,-0.031801444442230126,12,Selvær,14
35,4,-0.01979126816449675,10,Gjerøy,14
35,5,-0.01847866576755272,9,Hestmannøy,14
35,6,-0.059039855197433266,15,Indre Kvarøy,14
35,7,0.016353467526108063,5,Onøy og Lurøy,14
35,8,0.015517929438198769,6,Lovund,14
35,9,0.02398556600566439,4,Sleneset,14
35,10,0.0002417430498771321,8,Aldra,14
35,11,0.05115850316564025,2,Southern 1,14
35,12,0.09609169658411428,1,Southern 2,14
35,13,-0.051297762248208485,14,Southern 3,14
35,15,-0.04244597584503322,13,Southern 5,14
36,0,0.03856678569902208,3,Nesøy,14
36,1,-0.02015044471353841,11,Myken,14
36,2,0.003367836692709436,7,Træna,14
36,3,-0.031364620957337136,12,Selvær,14
36,4,-0.01908017587379808,10,Gjerøy,14
36,5,-0.018201990518981085,9,Hestmannøy,14
36,6,-0.05931393139588692,15,Indre Kvarøy,14
36,7,0.016090942059037425,5,Onøy og Lurøy,14
36,8,0.015354552068848738,6,Lovund,14
36,9,0.023601926647527985,4,Sleneset,14
36,10,0.0007276816375735228,8,Aldra,14
36,11,0.05052530741303931,2,Southern 1,14
36,12,0.09694314934947307,1,Southern 2,14
36,13,-0.05043475164173579,14,Southern 3,14
36,15,-0.04399161505513216,13,Southern 5,14
37,0,0.03786216592026501,3,Nesøy,14
37,1,-0.02104004012005815,11,Myken,14
37,2,0.003504657383248071,7,Træna,14
37,3,-0.030847284747556047,12,Selvær,14
37,4,-0.01993796127989778,10,Gjerøy,14
37,5,-0.017750930594071793,9,Hestmannøy,14
37,6,-0.05912140739533915,15,Indre Kvarøy,14
37,7,0.01656503103919981,5,Onøy og Lurøy,14
37,8,0.01533585805542954,6,Lovund,14
37,9,0.02334653686180136,4,Sleneset,14
37,10,0.0006448711972366735,8,Aldra,14
37,11,0.04997832277273619,2,Southern 1,14
37,12,0.09834439978530395,1,Southern 2,14
37,13,-0.05058614370502732,14,Southern 3,14
37,15,-0.043657423762448404,13,Southern 5,14
38,0,0.03723939804517112,3,Nesøy,14
38,1,-0.020848429646463405,11,Myken,14
38,2,0.003570915723419109,7,Træna,14
38,3,-0.03055310703214036,12,Selvær,14
38,4,-0.01958222716195207,10,Gjerøy,14
38,5,-0.017526340760075327,9,Hestmannøy,14
38,6,-0.05859945743982665,15,Indre Kvarøy,14
38,7,0.01639179774172888,5,Onøy og Lurøy,14
38,8,0.015183493499191014,6,Lovund,14
38,9,0.022998231111677727,4,Sleneset,14
38,10,0.0005842102590967861,8,Aldra,14
38,11,0.05063656144758869,2,Southern 1,14
38,12,0.09805568002114581,1,Southern 2,14
38,13,-0.05033065624089307,14,Southern 3,14
38,15,-0.04457941815684631,13,Southern 5,14
39,0,0.03659256136783347,3,Nesøy,14
39,1,-0.02058788328410044,11,Myken,14
39,2,0.003612216521433035,7,Træna,14
39,3,-0.0336435807516443,12,Selvær,14
39,4,-0.019290750971552733,10,Gjerøy,14
39,5,-0.01556561268730551,9,Hestmannøy,14
39,6,-0.05789313585869666,15,Indre Kvarøy,14
39,7,0.016335622547513154,5,Onøy og Lurøy,14
39,8,0.015140968506793646,6,Lovund,14
39,9,0.02290749457273299,4,Sleneset,14
39,10,0.0005812177060543428,8,Aldra,14
39,11,0.05132043345818277,2,Southern 1,14
39,12,0.0970833571402322,1,Southern 2,14
39,13,-0.0496770096004978,14,Southern 3,14
39,15,-0.04427524725615619,13,Southern 5,14
40,0,0.03856227326998576,3,Nesøy,14
40,1,-0.020340194765929517,11,Myken,14
40,2,0.0036990559134931545,7,Træna,14
40,3,-0.03323530783134339,12,Selvær,14
40,4,-0.018916691583300758,10,Gjerøy,14
40,5,-0.018374420037075644,9,Hestmannøy,14
40,6,-0.057239955598604696,15,Indre Kvarøy,14
40,7,0.016290203750540095,5,Onøy og Lurøy,14
40,8,0.015102067677438463,6,Lovund,14
40,9,0.022705403449918605,4,Sleneset,14
40,10,0.0005615674160485386,8,Aldra,14
40,11,0.05137538577044387,2,Southern 1,14
40,12,0.09632745902497239,1,Southern 2,14
40,13,-0.04920219008031944,14,Southern 3,14
40,15,-0.04467400496544548,13,Southern 5,14
41,0,0.03790397016446699,3,Nesøy,14
41,1,-0.020110622450370413,11,Myken,14
41,2,0.0037652176510680636,7,Træna,14
41,3,-0.032752817379147585,12,Selvær,14
41,4,-0.018648730591544132,9,Gjerøy,14
41,5,-0.019199180526792276,10,Hestmannøy,14
41,6,-0.0565591472900605,15,Indre Kvarøy,14
41,7,0.016315238455215975,5,Onøy og Lurøy,14
41,8,0.014957060955404564,6,Lovund,14
41,9,0.022406431424798978,4,Sleneset,14
41,10,0.0005664185324667912,8,Aldra,14
41,11,0.051627735842821244,2,Southern 1,14
41,12,0.09556474199236302,1,Southern 2,14
41,13,-0.04848993222831066,14,Southern 3,14
41,15,-0.0447057331415581,13,Southern 5,14
42,0,0.037277252828651394,3,Nesøy,14
42,1,-0.020263470551998137,11,Myken,14
42,2,0.0038162544216005373,7,Træna,14
42,3,-0.032554944979292816,12,Selvær,14
42,4,-0.018400300237849696,9,Gjerøy,14
42,5,-0.01916066413227232,10,Hestmannøy,14
42,6,-0.055865088713514525,15,Indre Kvarøy,14
42,7,0.016617620424439344,5,Onøy og Lurøy,14
42,8,0.015193674420698324,6,Lovund,14
42,9,0.022089331277880007,4,Sleneset,14
42,10,0.0006344232864528601,8,Aldra,14
42,11,0.05121789489370908,2,Southern 1,14
42,12,0.09627681599162238,1,Southern 2,14
42,13,-0.04872318872041278,14,Southern 3,14
42,15,-0.04551495879889169,13,Southern 5,14
43,0,0.036756371494014936,3,Nesøy,14
43,1,-0.020051503216338726,11,Myken,14
43,2,0.003919888689676746,7,Træna,14
43,3,-0.03236358744275764,12,Selvær,14
43,4,-0.018163424784327097,9,Gjerøy,14
43,5,-0.01891388893186433,10,Hestmannøy,14
43,6,-0.05573211874494353,15,Indre Kvarøy,14
43,7,0.016189370420906134,6,Onøy og Lurøy,14
43,8,0.01642714228858815,5,Lovund,14
43,9,0.021955396444140986,4,Sleneset,14
43,10,0.0005713077673272229,8,Aldra,14
43,11,0.050259272871849024,2,Southern 1,14
43,12,0.09568279033657871,1,Southern 2,14
43,13,-0.04868497550587342,14,Southern 3,14
43,15,-0.04521139027615521,13,Southern 5,14
44,0,0.036381779421767485,3,Nesøy,14
44,1,-0.023675500461583166,11,Myken,14
44,2,0.003926004514221247,7,Træna,14
44,3,-0.03200682858696761,12,Selvær,14
44,4,-0.017618416312469676,9,Gjerøy,14
44,5,-0.018567746522137482,10,Hestmannøy,14
44,6,-0.05703332602710402,15,Indre Kvarøy,14
44,7,0.01602396331559119,6,Onøy og Lurøy,14
44,8,0.01627075280290127,5,Lovund,14
44,9,0.024515370123054894,4,Sleneset,14
44,10,0.0005294842172356803,8,Aldra,14
44,11,0.05007861131017624,2,Southern 1,14
44,12,0.09650304776412603,1,Southern 2,14
44,13,-0.04838941180422263,14,Southern 3,14
44,15,-0.04429713234376749,13,Southern 5,14
45,0,0.035912241896720695,3,Nesøy,14
45,1,-0.023715588660522337,11,Myken,14
45,2,0.003970065791981485,7,Træna,14
45,3,-0.03181244795392647,12,Selvær,14
45,4,-0.017409443855223194,9,Gjerøy,14
45,5,-0.018479851665691972,10,Hestmannøy,14
45,6,-0.056511944990743135,15,Indre Kvarøy,14
45,7,0.01608358646375417,6,Onøy og Lurøy,14
45,8,0.01627043298267431,5,Lovund,14
45,9,0.024281331542641435,4,Sleneset,14
45,10,0.00046896166188895136,8,Aldra,14
45,11,0.0501551431229966,2,Southern 1,14
45,12,0.09598292400848302,1,Southern 2,14
45,13,-0.04809388939111839,14,Southern 3,14
45,15,-0.04446086954309319,13,Southern 5,14
46,0,0.03578474702275643,3,Nesøy,14
46,1,-0.02408394837014048,11,Myken,14
46,2,0.004018046868387141,7,Træna,14
46,3,-0.03146010527135701,12,Selvær,14
46,4,-0.01693606387097819,9,Gjerøy,14
46,5,-0.017788699728167844,10,Hestmannøy,14
46,6,-0.058657074086419445,15,Indre Kvarøy,14
46,7,0.016891678192675227,5,Onøy og Lurøy,14
46,8,0.016185317251453578,6,Lovund,14
46,9,0.024033427221853487,4,Sleneset,14
46,10,0.00045104175588078473,8,Aldra,14
46,11,0.04978565323492409,2,Southern 1,14
46,12,0.09620260919111844,1,Southern 2,14
46,13,-0.04777151342969866,14,Southern 3,14
46,15,-0.04401446457146556,13,Southern 5,14
47,0,0.03531194675226219,3,Nesøy,14
47,1,-0.023800311698016524,11,Myken,14
47,2,0.0040880652344679426,7,Træna,14
47,3,-0.03140279579272319,12,Selvær,14
47,4,-0.016645713031129248,9,Gjerøy,14
47,5,-0.018004906853243012,10,Hestmannøy,14
47,6,-0.05811949037837954,15,Indre Kvarøy,14
47,7,0.01736899335636875,5,Onøy og Lurøy,14
47,8,0.016145836886418925,6,Lovund,14
47,9,0.02386612781802304,4,Sleneset,14
47,10,0.0004447793844214538,8,Aldra,14
47,11,0.04931062739019998,2,Southern 1,14
47,12,0.09553590887883162,1,Southern 2,14
47,13,-0.04738041328828669,14,Southern 3,14
47,15,-0.044078003248393706,13,Southern 5,14
48,0,0.03495310066641474,3,Nesøy,14
48,1,-0.023616584923748973,11,Myken,14
48,2,0.004143828365502991,7,Træna,14
48,3,-0.03127190493579465,12,Selvær,14
48,4,-0.017357640590886698,9,Gjerøy,14
48,5,-0.017601461782675045,10,Hestmannøy,14
48,6,-0.05775208027527895,15,Indre Kvarøy,14
48,7,0.017422607682701537,5,Onøy og Lurøy,14
48,8,0.016008340387084482,6,Lovund,14
48,9,0.023655847060123903,4,Sleneset,14
48,10,0.00038060874897012897,8,Aldra,14
48,11,0.049056025926113765,2,Southern 1,14
48,12,0.09604017046030172,1,Southern 2,14
48,13,-0.04733564393449847,14,Southern 3,14
48,15,-0.0440845614435085,13,Southern 5,14
49,0,0.03449096313485282,3,Nesøy,14
49,1,-0.02339333770681812,11,Myken,14
49,2,0.00416072965913343,7,Træna,14
49,3,-0.030883155471705722,12,Selvær,14
49,4,-0.017209601497532742,9,Gjerøy,14
49,5,-0.018307342156813462,10,Hestmannøy,14
49,6,-0.0579490370454666,15,Indre Kvarøy,14
49,7,0.01725561823809683,5,Onøy og Lurøy,14
49,8,0.016341616837021764,6,Lovund,14
49,9,0.02341031618487408,4,Sleneset,14
49,10,0.000470620322004614,8,Aldra,14
49,11,0.048328686252395704,2,Southern 1,14
49,12,0.0965590808300208,1,Southern 2,14
49,13,-0.04675539908556447,14,Southern 3,14
49,15,-0.043879107083676955,13,Southern 5,14
50,0,0.03411753356931268,3,Nesøy,14
50,1,-0.02312418500768552,11,Myken,14
50,2,0.004378519191142253,7,Træna,14
50,3,-0.03066218060553506,12,Selvær,14
50,4,-0.017881774185571825,9,Gjerøy,14
50,5,-0.01817540883115279,10,Hestmannøy,14
50,6,-0.058294491446409025,15,Indre Kvarøy,14
50,7,0.017128593931703427,5,Onøy og Lurøy,14
50,8,0.01617133027472666,6,Lovund,14
50,9,0.023198281213570048,4,Sleneset,14
50,10,0.000497565178955973,8,Aldra,14
50,11,0.04900145506200671,2,Southern 1,14
50,12,0.09622945885245145,1,Southern 2,14
50,13,-0.046315187088746275,14,Southern 3,14
50,15,-0.04362885869794672,13,Southern 5,14
51,0,0.033711671415846516,3,Nesøy,14
51,1,-0.023266554855600505,11,Myken,14
51,2,0.004367625317025879,7,Træna,14
51,3,-0.030358395120807312,12,Selvær,14
51,4,-0.017906836942423544,9,Gjerøy,14
51,5,-0.018042781635710353,10,Hestmannøy,14
51,6,-0.0576197409561926,15,Indre Kvarøy,14
51,7,0.016992965650156237,5,Onøy og Lurøy,14
51,8,0.016019114141266055,6,Lovund,14
51,9,0.022976849281972994,4,Sleneset,14
51,10,0.0006597481076248049,8,Aldra,14
51,11,0.04845116753297243,2,Southern 1,14
51,12,0.09650975771833194,1,Southern 2,14
51,13,-0.0458832731129913,14,Southern 3,14
51,15,-0.04397066513064927,13,Southern 5,14
52,0,0.03335646720339254,3,Nesøy,14
52,1,-0.02300989483754273,11,Myken,14
52,2,0.004296120748460002,7,Træna,14
52,3,-0.03003953263390943,12,Selvær,14
52,4,-0.01769618082310488,9,Gjerøy,14
52,5,-0.018059244198910536,10,Hestmannøy,14
52,6,-0.05733045509726526,15,Indre Kvarøy,14
52,7,0.016857631741093677,5,Onøy og Lurøy,14
52,8,0.015830917234690708,6,Lovund,14
52,9,0.022667370503048838,4,Sleneset,14
52,10,0.0007051269943689549,8,Aldra,14
52,11,0.04757812828710154,2,Southern 1,14
52,12,0.09677927585860163,1,Southern 2,14
52,13,-0.04545148948306424,14,Southern 3,14
52,15,-0.043843590086138855,13,Southern 5,14
53,0,0.03367783454810269,3,Nesøy,14
53,1,-0.022774752806366858,11,Myken,14
53,2,0.00425405140727207,7,Træna,14
53,3,-0.029710092032901085,12,Selvær,14
53,4,-0.018321125258508316,10,Gjerøy,14
53,5,-0.01790243532029129,9,Hestmannøy,14
53,6,-0.0577565610599043,15,Indre Kvarøy,14
53,7,0.017066847726288352,5,Onøy og Lurøy,14
53,8,0.015698976443877435,6,Lovund,14
53,9,0.022464311676616226,4,Sleneset,14
53,10,0.000702329660897404,8,Aldra,14
53,11,0.04739736394894816,2,Southern 1,14
53,12,0.09726131982059441,1,Southern 2,14
53,13,-0.04595650500651495,14,Southern 3,14
53,15,-0.043460912337287994,13,Southern 5,14
54,0,0.034038235137080076,3,Nesøy,14
54,1,-0.022509824321539116,11,Myken,14
54,2,0.003983694492953987,7,Træna,14
54,3,-0.029463735460379618,12,Selvær,14
54,4,-0.01837320892276623,10,Gjerøy,14
54,5,-0.017687773521260077,9,Hestmannøy,14
54,6,-0.05723594065539185,15,Indre Kvarøy,14
54,7,0.016910513283366492,5,Onøy og Lurøy,14
54,8,0.015548453071789958,6,Lovund,14
54,9,0.02299659867209282,4,Sleneset,14
54,10,0.0005618425631345634,8,Aldra,14
54,11,0.04648383258123156,2,Southern 1,14
54,12,0.09645630247022406,1,Southern 2,14
54,13,-0.045560615680725516,14,Southern 3,14
54,15,-0.04350772229898916,13,Southern 5,14
55,0,0.03383779317369828,3,Nesøy,14
55,1,-0.022411067717620747,11,Myken,14
55,2,0.005296479635671599,7,Træna,14
55,3,-0.03167496903551442,12,Selvær,14
55,4,-0.018107444952602345,10,Gjerøy,14
55,5,-0.01744233860070936,9,Hestmannøy,14
55,6,-0.05719050932305079,15,Indre Kvarøy,14
55,7,0.017362575081011678,5,Onøy og Lurøy,14
55,8,0.01569256844569019,6,Lovund,14
55,9,0.023089678368156726,4,Sleneset,14
55,10,0.00048603246903793475,8,Aldra,14
55,11,0.046336824097726256,2,Southern 1,14
55,12,0.09666376013465815,1,Southern 2,14
55,13,-0.04602642787008935,14,Southern 3,14
55,15,-0.04327230249524184,13,Southern 5,14
56,0,0.03359310499512968,3,Nesøy,14
56,1,-0.02217164405434373,11,Myken,14
56,2,0.00526615719670493,7,Træna,14
56,3,-0.03148401726357815,12,Selvær,14
56,4,-0.018173248249198377,10,Gjerøy,14
56,5,-0.017552080854830263,9,Hestmannøy,14
56,6,-0.05665702237513058,15,Indre Kvarøy,14
56,7,0.017174130597292062,5,Onøy og Lurøy,14
56,8,0.015570901356759707,6,Lovund,14
56,9,0.02287487487474866,4,Sleneset,14
56,10,0.0004988467576846866,8,Aldra,14
56,11,0.045925634571108966,2,Southern 1,14
56,12,0.09691127693604562,1,Southern 2,14
56,13,-0.04607656084479507,14,Southern 3,14
56,15,-0.043059702232776186,13,Southern 5,14
57,0,0.03329718724084341,3,Nesøy,14
57,1,-0.022452688891965555,11,Myken,14
57,2,0.005278050984606147,7,Træna,14
57,3,-0.03304472024244558,12,Selvær,14
57,4,-0.018133219404178547,10,Gjerøy,14
57,5,-0.017317638258973075,9,Hestmannøy,14
57,6,-0.05737899211903227,15,Indre Kvarøy,14
57,7,0.017079027855790557,5,Onøy og Lurøy,14
57,8,0.016494794188043935,6,Lovund,14
57,9,0.02335465770934498,4,Sleneset,14
57,10,0.00048810230614869474,8,Aldra,14
57,11,0.047067159439145204,2,Southern 1,14
57,12,0.09658081153480833,1,Southern 2,14
57,13,-0.04565243628312144,14,Southern 3,14
57,15,-0.04301944464819284,13,Southern 5,14
58,0,0.03359187257243284,3,Nesøy,14
58,1,-0.022342103844849023,11,Myken,14
58,2,0.0052979660020560015,7,Træna,14
58,3,-0.032685728189910945,12,Selvær,14
58,4,-0.018696754171339033,10,Gjerøy,14
58,5,-0.017003027277220785,9,Hestmannøy,14
58,6,-0.057767527963827135,15,Indre Kvarøy,14
58,7,0.01699828555186803,5,Onøy og Lurøy,14
58,8,0.01645349448494545,6,Lovund,14
58,9,0.02320676849789114,4,Sleneset,14
58,10,0.0005722200174955048,8,Aldra,14
58,11,0.047306387065601946,2,Southern 1,14
58,12,0.09606783097673519,1,Southern 2,14
58,13,-0.04543267974689921,14,Southern 3,14
58,15,-0.042926352564158006,13,Southern 5,14
59,0,0.033294655959438216,3,Nesøy,14
59,1,-0.022348178200373187,11,Myken,14
59,2,0.005032827222938029,7,Træna,14
59,3,-0.03326199809808663,12,Selvær,14
59,4,-0.018453222328459962,10,Gjerøy,14
59,5,-0.016787829553399424,9,Hestmannøy,14
59,6,-0.05754813986585458,15,Indre Kvarøy,14
59,7,0.017088141591257242,5,Onøy og Lurøy,14
59,8,0.017004134424811284,6,Lovund,14
59,9,0.023224407631597194,4,Sleneset,14
59,10,0.0005087571707285504,8,Aldra,14
59,11,0.04754903768821392,2,Southern 1,14
59,12,0.09557256998610984,1,Southern 2,14
59,13,-0.04517962346159308,14,Southern 3,14
59,15,-0.043054888756505455,13,Southern 5,14
60,0,0.033026207900328904,3,Nesøy,14
60,1,-0.022292340618535713,11,Myken,14
60,2,0.005004685805730424,7,Træna,14
60,3,-0.03291645669730962,12,Selvær,14
60,4,-0.01963059225509361,10,Gjerøy,14
60,5,-0.016621767858668042,9,Hestmannøy,14
60,6,-0.0572282323631923,15,Indre Kvarøy,14
60,7,0.016969265937718008,5,Onøy og Lurøy,14
60,8,0.016858387441081694,6,Lovund,14
60,9,0.024067466886389763,4,Sleneset,14
60,10,0.0005278745621185414,8,Aldra,14
60,11,0.0471190980165793,2,Southern 1,14
60,12,0.09590221918513836,1,Southern 2,14
60,13,-0.04480288396938987,14,Southern 3,14
60,15,-0.04334228056207386,13,Southern 5,14
61,0,0.03270570186502348,3,Nesøy,14
61,1,-0.02387314006101697,11,Myken,14
61,2,0.005264872853847252,7,Træna,14
61,3,-0.032766953038391854,12,Selvær,14
61,4,-0.019774811759648066,10,Gjerøy,14
61,5,-0.016438347747451856,9,Hestmannøy,14
61,6,-0.05672020981923026,15,Indre Kvarøy,14
61,7,0.016911020188912343,5,Onøy og Lurøy,14
61,8,0.016819348835226944,6,Lovund,14
61,9,0.02488288485413995,4,Sleneset,14
61,10,0.0005247945067785788,8,Aldra,14
61,11,0.04771577173490473,2,Southern 1,14
61,12,0.09542591120718265,1,Southern 2,14
61,13,-0.045251708460919325,14,Southern 3,14
61,15,-0.04278448374853563,13,Southern 5,14
62,0,0.03403917501968318,3,Nesøy,14
62,1,-0.02558158446321378,11,Myken,14
62,2,0.005303178088695143,7,Træna,14
62,3,-0.03249328609221535,12,Selvær,14
62,4,-0.01946159822976344,10,Gjerøy,14
62,5,-0.01670536973531253,9,Hestmannøy,14
62,6,-0.056772363217859445,15,Indre Kvarøy,14
62,7,0.016984068080483902,6,Onøy og Lurøy,14
62,8,0.017020184947447833,5,Lovund,14
62,9,0.02495471444040298,4,Sleneset,14
62,10,0.0004672458837583899,8,Aldra,14
62,11,0.04748097877582016,2,Southern 1,14
62,12,0.09539693890103405,1,Southern 2,14
62,13,-0.04511678889747083,14,Southern 3,14
62,15,-0.04287484209066828,13,Southern 5,14
63,0,0.03375975192089008,3,Nesøy,14
63,1,-0.025423612795485044,11,Myken,14
63,2,0.0053207734706851315,7,Træna,14
63,3,-0.03274891568389171,12,Selvær,14
63,4,-0.01947649306457452,10,Gjerøy,14
63,5,-0.016587542231484134,9,Hestmannøy,14
63,6,-0.05624236598764278,15,Indre Kvarøy,14
63,7,0.01687502494259974,6,Onøy og Lurøy,14
63,8,0.01693002593421265,5,Lovund,14
63,9,0.02475336011197533,4,Sleneset,14
63,10,0.0004715103650939679,8,Aldra,14
63,11,0.04726017358444541,2,Southern 1,14
63,12,0.09723503622638942,1,Southern 2,14
63,13,-0.046450407383042513,14,Southern 3,14
63,15,-0.04303566799934903,13,Southern 5,14
64,0,0.03503508450734375,3,Nesøy,14
64,1,-0.02527671315349072,11,Myken,14
64,2,0.005315953955084895,7,Træna,14
64,3,-0.03244063591960895,12,Selvær,14
64,4,-0.01957888311558383,10,Gjerøy,14
64,5,-0.016455430987069142,9,Hestmannøy,14
64,6,-0.058373696385229226,15,Indre Kvarøy,14
64,7,0.016824760646865056,6,Onøy og Lurøy,14
64,8,0.01693193151760901,5,Lovund,14
64,9,0.024894972477303632,4,Sleneset,14
64,10,0.0006700488337780651,8,Aldra,14
64,11,0.04737540680690831,2,Southern 1,14
64,12,0.0967383406786412,1,Southern 2,14
64,13,-0.04604369457633048,14,Southern 3,14
64,15,-0.0429767938753996,13,Southern 5,14
65,0,0.034746748796093525,3,Nesøy,14
65,1,-0.025055990447936854,11,Myken,14
65,2,0.005260246284507846,7,Træna,14
65,3,-0.03282445027015613,12,Selvær,14
65,4,-0.02005948854302849,10,Gjerøy,14
65,5,-0.016266714400975317,9,Hestmannøy,14
65,6,-0.05835641633378941,15,Indre Kvarøy,14
65,7,0.016702332906819606,6,Onøy og Lurøy,14
65,8,0.016792049687188972,5,Lovund,14
65,9,0.024707848442879352,4,Sleneset,14
65,10,0.0007613842533477773,8,Aldra,14
65,11,0.04703484854056371,2,Southern 1,14
65,12,0.09776567953549754,1,Southern 2,14
65,13,-0.04573585964145037,14,Southern 3,14
65,15,-0.042831567398739785,13,Southern 5,14
66,0,0.03441919392919879,3,Nesøy,14
66,1,-0.024925363214621268,11,Myken,14
66,2,0.005285780081741844,7,Træna,14
66,3,-0.033225214871687545,12,Selvær,14
66,4,-0.02104563556171539,10,Gjerøy,14
66,5,-0.01600993744378291,9,Hestmannøy,14
66,6,-0.05824116577620194,15,Indre Kvarøy,14
66,7,0.016580963970283746,6,Onøy og Lurøy,14
66,8,0.017571454884958242,5,Lovund,14
66,9,0.024547367642675066,4,Sleneset,14
66,10,0.0008077669737784616,8,Aldra,14
66,11,0.046688944026927436,2,Southern 1,14
66,12,0.09838524934659702,1,Southern 2,14
66,13,-0.045352297946177976,14,Southern 3,14
66,15,-0.04284645463115159,13,Southern 5,14
67,0,0.03410030281155456,3,Nesøy,14
67,1,-0.024682979351511317,11,Myken,14
67,2,0.005300143319777234,7,Træna,14
67,3,-0.03325877030893861,12,Selvær,14
67,4,-0.020872198352673805,10,Gjerøy,14
67,5,-0.01591782839774957,9,Hestmannøy,14
67,6,-0.05850419125876826,15,Indre Kvarøy,14
67,7,0.016476784449802346,6,Onøy og Lurøy,14
67,8,0.01832759425592843,5,Lovund,14
67,9,0.024782539301930865,4,Sleneset,14
67,10,0.0007779324311920391,8,Aldra,14
67,11,0.04646582124776286,2,Southern 1,14
67,12,0.09935590840649948,1,Southern 2,14
67,13,-0.04703529231632501,14,Southern 3,14
67,15,-0.042675114827659254,13,Southern 5,14
68,0,0.033862745490746006,3,Nesøy,14
68,1,-0.024545982425488652,11,Myken,14
68,2,0.005345043477779879,7,Træna,14
68,3,-0.03322698249924069,12,Selvær,14
68,4,-0.021044559897423144,10,Gjerøy,14
68,5,-0.015755774414905024,9,Hestmannøy,14
68,6,-0.058343122489821084,15,Indre Kvarøy,14
68,7,0.01638088471346559,6,Onøy og Lurøy,14
68,8,0.018276824635636235,5,Lovund,14
68,9,0.024668487730036746,4,Sleneset,14
68,10,0.0007325816834198055,8,Aldra,14
68,11,0.046569596565988296,2,Southern 1,14
68,12,0.09890637050665436,1,Southern 2,14
68,13,-0.046663484646342034,14,Southern 3,14
68,15,-0.042521977019684284,13,Southern 5,14
69,0,0.035044170011951495,3,Nesøy,14
69,1,-0.026071355042470254,11,Myken,14
69,2,0.005360502081784003,7,Træna,14
69,3,-0.03368442598815332,12,Selvær,14
69,4,-0.02105373775653966,10,Gjerøy,14
69,5,-0.015306935563864388,9,Hestmannøy,14
69,6,-0.05792197954347604,15,Indre Kvarøy,14
69,7,0.016464814218552323,6,Onøy og Lurøy,14
69,8,0.01814465025068569,5,Lovund,14
69,9,0.025196730484463963,4,Sleneset,14
69,10,0.0007189852448365246,8,Aldra,14
69,11,0.0468219465085704,2,Southern 1,14
69,12,0.09858861696989643,1,Southern 2,14
69,13,-0.04728926965480819,14,Southern 3,14
69,15,-0.042372060810606973,13,Southern 5,14
70,0,0.034908504692082364,3,Nesøy,14
70,1,-0.02592705166834515,11,Myken,14
70,2,0.0053250512167135056,7,Træna,14
70,3,-0.03344819759862563,12,Selvær,14
70,4,-0.020988938956643693,10,Gjerøy,14
70,5,-0.015148105811394478,9,Hestmannøy,14
70,6,-0.05764549754570515,15,Indre Kvarøy,14
70,7,0.016464125330484188,6,Onøy og Lurøy,14
70,8,0.01821532747830686,5,Lovund,14
70,9,0.024999868421952672,4,Sleneset,14
70,10,0.0007494217575010883,8,Aldra,14
70,11,0.04673223266185489,2,Southern 1,14
70,12,0.09868341545312916,1,Southern 2,14
70,13,-0.04738856963932505,14,Southern 3,14
70,15,-0.04289093438116357,13,Southern 5,14
71,0,0.03496212587008194,3,Nesøy,14
71,1,-0.025681158188870835,11,Myken,14
71,2,0.005304064132368308,7,Træna,14
71,3,-0.033674093362719835,12,Selvær,14
71,4,-0.02140906989950064,10,Gjerøy,14
71,5,-0.01504259336701206,9,Hestmannøy,14
71,6,-0.057453172965289345,15,Indre Kvarøy,14
71,7,0.016550094283260798,6,Onøy og Lurøy,14
71,8,0.018159017190510527,5,Lovund,14
71,9,0.024821055534435626,4,Sleneset,14
71,10,0.0007407167671457723,8,Aldra,14
71,11,0.046933382747568704,2,Southern 1,14
71,12,0.09822899395603225,1,Southern 2,14
71,13,-0.047032594232354445,14,Southern 3,14
71,15,-0.04276611705483477,13,Southern 5,14
72,0,0.03466598998951146,3,Nesøy,14
72,1,-0.02781763351967949,11,Myken,14
72,2,0.005274006063890924,7,Træna,14
72,3,-0.03338755229970673,12,Selvær,14
72,4,-0.021303790957617516,10,Gjerøy,14
72,5,-0.013543958803908289,9,Hestmannøy,14
72,6,-0.05716333391863214,15,Indre Kvarøy,14
72,7,0.01647767231800558,6,Onøy og Lurøy,14
72,8,0.01803939202006407,5,Lovund,14
72,9,0.02464351680402433,4,Sleneset,14
72,10,0.0007401572303110288,8,Aldra,14
72,11,0.046813096437041485,2,Southern 1,14
72,12,0.09874613649570663,1,Southern 2,14
72,13,-0.04692599377953355,14,Southern 3,14
72,15,-0.04261705266865578,13,Southern 5,14
73,0,0.034506858809137626,3,Nesøy,14
73,1,-0.027625953329931896,11,Myken,14
73,2,0.005304221901371568,7,Træna,14
73,3,-0.03345215889711252,12,Selvær,14
73,4,-0.021120230332762873,10,Gjerøy,14
73,5,-0.013540019885213911,9,Hestmannøy,14
73,6,-0.05674266241479629,15,Indre Kvarøy,14
73,7,0.016790656134009214,6,Onøy og Lurøy,14
73,8,0.018133152682008852,5,Lovund,14
73,9,0.024516275033274193,4,Sleneset,14
73,10,0.0007321648065710453,8,Aldra,14
73,11,0.04710680407757023,2,Southern 1,14
73,12,0.09827427722881059,1,Southern 2,14
73,13,-0.04697817342267345,14,Southern 3,14
73,15,-0.04326456097944036,13,Southern 5,14
74,0,0.03421270468004685,3,Nesøy,14
74,1,-0.02754876697814653,11,Myken,14
74,2,0.005310020976004902,7,Træna,14
74,3,-0.03332851565479693,12,Selvær,14
74,4,-0.020850914367337006,10,Gjerøy,14
74,5,-0.01327932382943372,9,Hestmannøy,14
74,6,-0.05647942440913331,15,Indre Kvarøy,14
74,7,0.016696675603503363,6,Onøy og Lurøy,14
74,8,0.01801711014466232,5,Lovund,14
74,9,0.024457329760842843,4,Sleneset,14
74,10,0.0007281805222315441,8,Aldra,14
74,11,0.04701113551630536,2,Southern 1,14
74,12,0.09863344473779807,1,Southern 2,14
74,13,-0.048088397477616875,14,Southern 3,14
74,15,-0.04285060781410889,13,Southern 5,14
75,0,0.03408094442757525,3,Nesøy,14
75,1,-0.027409567229834,11,Myken,14
75,2,0.005406723309554826,7,Træna,14
75,3,-0.03326224888549903,12,Selvær,14
75,4,-0.020506490467333178,10,Gjerøy,14
75,5,-0.013173761119371226,9,Hestmannøy,14
75,6,-0.05760979966079822,15,Indre Kvarøy,14
75,7,0.01699839314060693,6,Onøy og Lurøy,14
75,8,0.01790416207497836,5,Lovund,14
75,9,0.024646859148407026,4,Sleneset,14
75,10,0.0006595551711660599,8,Aldra,14
75,11,0.04713659760909637,2,Southern 1,14
75,12,0.0982093517880629,1,Southern 2,14
75,13,-0.047723000394862276,14,Southern 3,14
75,15,-0.0427170675009278,13,Southern 5,14
76,0,0.03378408998227547,3,Nesøy,14
76,1,-0.027246036784361116,11,Myken,14
76,2,0.005422106685978009,7,Træna,14
76,3,-0.03481250326980554,12,Selvær,14
76,4,-0.020444248670945842,10,Gjerøy,14
76,5,-0.012224868814143348,9,Hestmannøy,14
76,6,-0.05715951232924803,15,Indre Kvarøy,14
76,7,0.016905724841110827,6,Onøy og Lurøy,14
76,8,0.01782887157988248,5,Lovund,14
76,9,0.02447150963048118,4,Sleneset,14
76,10,0.0006928359783085595,8,Aldra,14
76,11,0.046914053989981365,2,Southern 1,14
76,12,0.09892382075219606,1,Southern 2,14
76,13,-0.04783822537599589,14,Southern 3,14
76,15,-0.0425769667848922,13,Southern 5,14
77,0,0.034843790598790406,3,Nesøy,14
77,1,-0.027026170775377382,11,Myken,14
77,2,0.005416529281965866,7,Træna,14
77,3,-0.03475312476374865,12,Selvær,14
77,4,-0.02035398824960604,10,Gjerøy,14
77,5,-0.013727375799389681,9,Hestmannøy,14
77,6,-0.05676740201747061,15,Indre Kvarøy,14
77,7,0.016815463510432803,6,Onøy og Lurøy,14
77,8,0.017861441674948353,5,Lovund,14
77,9,0.0243287388606138,4,Sleneset,14
77,10,0.000713104798126965,8,Aldra,14
77,11,0.046605719316135434,2,Southern 1,14
77,12,0.09904694657478208,1,Southern 2,14
77,13,-0.04794396493821969,14,Southern 3,14
77,15,-0.04241905666116167,13,Southern 5,14
78,0,0.03455287613071594,3,Nesøy,14
78,1,-0.027015669023618145,11,Myken,14
78,2,0.00542873791741339,7,Træna,14
78,3,-0.03452087582395063,12,Selvær,14
78,4,-0.02026105371918041,10,Gjerøy,14
78,5,-0.013590551179406286,9,Hestmannøy,14
78,6,-0.056625116045804995,15,Indre Kvarøy,14
78,7,0.016752191795056215,6,Onøy og Lurøy,14
78,8,0.017748249244222497,5,Lovund,14
78,9,0.024161441813495582,4,Sleneset,14
78,10,0.0007348275979119896,8,Aldra,14
78,11,0.046694396541404115,2,Southern 1,14
78,12,0.09864877659050564,1,Southern 2,14
78,13,-0.04772820867547629,14,Southern 3,14
78,15,-0.042339371752466624,13,Southern 5,14
79,0,0.03491202348952326,3,Nesøy,14
79,1,-0.026843740458667102,11,Myken,14
79,2,0.005328272206353008,7,Træna,14
79,3,-0.03426585502205396,12,Selvær,14
79,4,-0.020092355264432035,10,Gjerøy,14
79,5,-0.013587257992087372,9,Hestmannøy,14
79,6,-0.057740615226260825,15,Indre Kvarøy,14
79,7,0.016623295242144516,6,Onøy og Lurøy,14
79,8,0.017671511588629046,5,Lovund,14
79,9,0.02428365839171699,4,Sleneset,14
79,10,0.0009500263904314227,8,Aldra,14
79,11,0.04652305744938205,2,Southern 1,14
79,12,0.09885204953817293,1,Southern 2,14
79,13,-0.04766500995509515,14,Southern 3,14
79,15,-0.042308408966934795,13,Southern 5,14
80,0,0.0346272741832065,3,Nesøy,14
80,1,-0.027406109404818968,11,Myken,14
80,2,0.005132353529199791,7,Træna,14
80,3,-0.03398290400227108,12,Selvær,14
80,4,-0.01994388402033136,10,Gjerøy,14
80,5,-0.013671754695263083,9,Hestmannøy,14
80,6,-0.05737782418543038,15,Indre Kvarøy,14
80,7,0.01706727463604419,6,Onøy og Lurøy,14
80,8,0.017609699143551583,5,Lovund,14
80,9,0.02412514502168222,4,Sleneset,14
80,10,0.0009493005928322071,8,Aldra,14
80,11,0.04631431198894844,2,Southern 1,14
80,12,0.09897516790184781,1,Southern 2,14
80,13,-0.047438114873983174,14,Southern 3,14
80,15,-0.042339284404392684,13,Southern 5,14
81,0,0.03486943932511663,3,Nesøy,14
81,1,-0.027234729583882122,11,Myken,14
81,2,0.006009569872572913,7,Træna,14
81,3,-0.03542856669474667,12,Selvær,14
81,4,-0.019915131994771056,10,Gjerøy,14
81,5,-0.01353222109083904,9,Hestmannøy,14
81,6,-0.05703729951641146,15,Indre Kvarøy,14
81,7,0.01697947621311652,6,Onøy og Lurøy,14
81,8,0.017498612147715295,5,Lovund,14
81,9,0.02394450237075776,4,Sleneset,14
81,10,0.0009629105196215644,8,Aldra,14
81,11,0.0465859099069617,2,Southern 1,14
81,12,0.09865862152133371,1,Southern 2,14
81,13,-0.047163380621318814,14,Southern 3,14
81,15,-0.042557060964404946,13,Southern 5,14
82,0,0.03466677425598898,3,Nesøy,14
82,1,-0.02818228564787565,11,Myken,14
82,2,0.006014473741859395,7,Træna,14
82,3,-0.03525848819339957,12,Selvær,14
82,4,-0.019706104262073275,10,Gjerøy,14
82,5,-0.013437496698313298,9,Hestmannøy,14
82,6,-0.05743092306426421,15,Indre Kvarøy,14
82,7,0.016885880482476714,6,Onøy og Lurøy,14
82,8,0.017501334606527492,5,Lovund,14
82,9,0.023797296945677688,4,Sleneset,14
82,10,0.0011674546865401696,8,Aldra,14
82,11,0.04730101580874524,2,Southern 1,14
82,12,0.09829343135878846,1,Southern 2,14
82,13,-0.0468282777881363,14,Southern 3,14
82,15,-0.042143434821719845,13,Southern 5,14
83,0,0.03440144875730554,3,Nesøy,14
83,1,-0.0280156649664495,11,Myken,14
83,2,0.006033310442784579,7,Træna,14
83,3,-0.03533325376889555,12,Selvær,14
83,4,-0.020080949221560184,10,Gjerøy,14
83,5,-0.013111881406038417,9,Hestmannøy,14
83,6,-0.0570385564938478,15,Indre Kvarøy,14
83,7,0.01704095399455504,6,Onøy og Lurøy,14
83,8,0.017405487260886986,5,Lovund,14
83,9,0.02371497357189086,4,Sleneset,14
83,10,0.0011080780933353444,8,Aldra,14
83,11,0.047535341318621194,2,Southern 1,14
83,12,0.09795905682001418,1,Southern 2,14
83,13,-0.047050472317631216,14,Southern 3,14
83,15,-0.04192722067414905,13,Southern 5,14
84,0,0.03413657986839693,3,Nesøy,14
84,1,-0.027787867329096955,11,Myken,14
84,2,0.006040032005713032,7,Træna,14
84,3,-0.035209926618816445,12,Selvær,14
84,4,-0.0200654567600762,10,Gjerøy,14
84,5,-0.013590116502933328,9,Hestmannøy,14
84,6,-0.056655825075709224,15,Indre Kvarøy,14
84,7,0.016891029742575562,6,Onøy og Lurøy,14
84,8,0.017296914472096494,5,Lovund,14
84,9,0.023564823682012154,4,Sleneset,14
84,10,0.0013060239756402473,8,Aldra,14
84,11,0.04715986587119026,2,Southern 1,14
84,12,0.09814558931458642,1,Southern 2,14
84,13,-0.04671221520988515,14,Southern 3,14
84,15,-0.04187880002487181,13,Southern 5,14
85,0,0.03394060879185106,3,Nesøy,14
85,1,-0.02760179209394627,11,Myken,14
85,2,0.006025498614396564,7,Træna,14
85,3,-0.03506868241471198,12,Selvær,14
85,4,-0.019906737742817142,10,Gjerøy,14
85,5,-0.013336275654520518,9,Hestmannøy,14
85,6,-0.05648464359665405,15,Indre Kvarøy,14
85,7,0.016833810215975006,6,Onøy og Lurøy,14
85,8,0.01720572730087613,5,Lovund,14
85,9,0.023441159134075185,4,Sleneset,14
85,10,0.0013795053564511425,8,Aldra,14
85,11,0.04704139400345934,2,Southern 1,14
85,12,0.09869913161378083,1,Southern 2,14
85,13,-0.04768189213080987,14,Southern 3,14
85,15,-0.041846159986583434,13,Southern 5,14
86,0,0.033709607387634025,3,Nesøy,14
86,1,-0.027452267599052154,11,Myken,14
86,2,0.006017689653802621,7,Træna,14
86,3,-0.03489787179030197,12,Selvær,14
86,4,-0.019770783300881802,10,Gjerøy,14
86,5,-0.013310819951942636,9,Hestmannøy,14
86,6,-0.057831635199771324,15,Indre Kvarøy,14
86,7,0.01677211129086178,6,Onøy og Lurøy,14
86,8,0.017122836908756156,5,Lovund,14
86,9,0.02402681964320398,4,Sleneset,14
86,10,0.0013612319823223715,8,Aldra,14
86,11,0.04668881374483533,2,Southern 1,14
86,12,0.09940467209599951,1,Southern 2,14
86,13,-0.04737679051833168,14,Southern 3,14
86,15,-0.041822962936312234,13,Southern 5,14
87,0,0.03349293202028735,3,Nesøy,14
87,1,-0.02755197065915329,11,Myken,14
87,2,0.006022218360702183,7,Træna,14
87,3,-0.03471163129149404,12,Selvær,14
87,4,-0.019643734997159143,10,Gjerøy,14
87,5,-0.013330924201869142,9,Hestmannøy,14
87,6,-0.05767539930062188,15,Indre Kvarøy,14
87,7,0.016715273475794,6,Onøy og Lurøy,14
87,8,0.017021986909904578,5,Lovund,14
87,9,0.023891603986724,4,Sleneset,14
87,10,0.0013749754672556472,8,Aldra,14
87,11,0.04776012290739007,2,Southern 1,14
87,12,0.0993084054622147,1,Southern 2,14
87,13,-0.048316537219138055,14,Southern 3,14
87,15,-0.04171666951001499,13,Southern 5,14
88,0,0.03326750393257134,3,Nesøy,14
88,1,-0.027429536299467927,11,Myken,14
88,2,0.006050409930543598,7,Træna,14
88,3,-0.03603401709605426,12,Selvær,14
88,4,-0.019424892890406425,10,Gjerøy,14
88,5,-0.013185551787961327,9,Hestmannøy,14
88,6,-0.05772270695211179,15,Indre Kvarøy,14
88,7,0.016665558342357296,6,Onøy og Lurøy,14
88,8,0.01701267817734793,5,Lovund,14
88,9,0.02375539544939896,4,Sleneset,14
88,10,0.0013659345746244085,8,Aldra,14
88,11,0.04896020851943161,2,Southern 1,14
88,12,0.09897465412317405,1,Southern 2,14
88,13,-0.048070339316233286,14,Southern 3,14
88,15,-0.04154464729639217,13,Southern 5,14
89,0,0.03305851903417949,3,Nesøy,14
89,1,-0.027262195924927686,11,Myken,14
89,2,0.006061235231831314,7,Træna,14
89,3,-0.03732668636568055,12,Selvær,14
89,4,-0.019555492321691417,10,Gjerøy,14
89,5,-0.01318637344095334,9,Hestmannøy,14
89,6,-0.05740489925464529,15,Indre Kvarøy,14
89,7,0.016617217970482195,6,Onøy og Lurøy,14
89,8,0.017932426599779228,5,Lovund,14
89,9,0.02368873550734163,4,Sleneset,14
89,10,0.001349113153819672,8,Aldra,14
89,11,0.049347388392181106,2,Southern 1,14
89,12,0.09865349078547338,1,Southern 2,14
89,13,-0.04790153975547249,14,Southern 3,14
89,15,-0.04143028820089524,13,Southern 5,14
90,0,0.03284738617784265,3,Nesøy,14
90,1,-0.027142494234828136,11,Myken,14
90,2,0.005878941262967584,7,Træna,14
90,3,-0.03709355263624948,12,Selvær,14
90,4,-0.01935310316184032,10,Gjerøy,14
90,5,-0.013012539282774419,9,Hestmannøy,14
90,6,-0.058042242753098675,15,Indre Kvarøy,14
90,7,0.01654320001946465,6,Onøy og Lurøy,14
90,8,0.018276969092415347,5,Lovund,14
90,9,0.023769486425451576,4,Sleneset,14
90,10,0.0013437008861262845,8,Aldra,14
90,11,0.049647784277862934,2,Southern 1,14
90,12,0.09831268243878047,1,Southern 2,14
90,13,-0.04807640051147018,14,Southern 3,14
90,15,-0.04125916658982827,13,Southern 5,14
91,0,0.03271853412148408,3,Nesøy,14
91,1,-0.027068267166016156,11,Myken,14
91,2,0.006651555945159399,7,Træna,14
91,3,-0.038346168344563156,12,Selvær,14
91,4,-0.01942281120785498,10,Gjerøy,14
91,5,-0.012943111875343371,9,Hestmannøy,14
91,6,-0.057924277071841536,15,Indre Kvarøy,14
91,7,0.016470808836601337,6,Onøy og Lurøy,14
91,8,0.01821698080089352,5,Lovund,14
91,9,0.02365639493012456,4,Sleneset,14
91,10,0.0013635126805603998,8,Aldra,14
91,11,0.04929234941049,2,Southern 1,14
91,12,0.09893110059729124,1,Southern 2,14
91,13,-0.04781591859405138,14,Southern 3,14
91,15,-0.041140031652111934,13,Southern 5,14
92,0,0.03250559491995752,3,Nesøy,14
92,1,-0.0269895938411468,11,Myken,14
92,2,0.006655883759704573,7,Træna,14
92,3,-0.038135228778449805,12,Selvær,14
92,4,-0.01976406582406837,10,Gjerøy,14
92,5,-0.012841696655342166,9,Hestmannøy,14
92,6,-0.05773345236997539,15,Indre Kvarøy,14
92,7,0.0163862563828932,6,Onøy og Lurøy,14
92,8,0.0181705747845582,5,Lovund,14
92,9,0.023570663823400194,4,Sleneset,14
92,10,0.001351099610005316,8,Aldra,14
92,11,0.04950791116124221,2,Southern 1,14
92,12,0.09865148829214605,1,Southern 2,14
92,13,-0.04751814543274074,14,Southern 3,14
92,15,-0.04117663842136198,13,Southern 5,14
93,0,0.03269788891515185,3,Nesøy,14
93,1,-0.026820071233641867,11,Myken,14
93,2,0.0066668910914213985,7,Træna,14
93,3,-0.03803223427067668,12,Selvær,14
93,4,-0.020097981631330936,10,Gjerøy,14
93,5,-0.012814296953854233,9,Hestmannøy,14
93,6,-0.05759975778243085,15,Indre Kvarøy,14
93,7,0.016349251364344196,6,Onøy og Lurøy,14
93,8,0.01806781917765092,5,Lovund,14
93,9,0.023629845195722737,4,Sleneset,14
93,10,0.0013400958873983715,8,Aldra,14
93,11,0.0492368624914662,2,Southern 1,14
93,12,0.09834437017224192,1,Southern 2,14
93,13,-0.04725687593132413,14,Southern 3,14
93,15,-0.041071155081316854,13,Southern 5,14
94,0,0.033577496878330296,3,Nesøy,14
94,1,-0.02740088180617248,11,Myken,14
94,2,0.0066854380371106715,7,Træna,14
94,3,-0.03797916690632888,12,Selvær,14
94,4,-0.020093677138351685,10,Gjerøy,14
94,5,-0.012737396229856765,9,Hestmannøy,14
94,6,-0.05726768777011651,15,Indre Kvarøy,14
94,7,0.016324787355634696,6,Onøy og Lurøy,14
94,8,0.01789696184946394,5,Lovund,14
94,9,0.023564646804967657,4,Sleneset,14
94,10,0.001325663990839707,8,Aldra,14
94,11,0.04947209883071446,2,Southern 1,14
94,12,0.09800929636753551,1,Southern 2,14
94,13,-0.04709530487126438,14,Southern 3,14
94,15,-0.04164162398168421,13,Southern 5,14
95,0,0.033354119789895005,3,Nesøy,14
95,1,-0.02720169561795915,11,Myken,14
95,2,0.00669030212732197,7,Træna,14
95,3,-0.03916971864513378,12,Selvær,14
95,4,-0.02002502336845496,10,Gjerøy,14
95,5,-0.012894387050665963,9,Hestmannøy,14
95,6,-0.056914690386450945,15,Indre Kvarøy,14
95,7,0.016245634415505715,6,Onøy og Lurøy,14
95,8,0.017790826663696274,5,Lovund,14
95,9,0.023431438522505642,4,Sleneset,14
95,10,0.0013466907190914587,8,Aldra,14
95,11,0.04905800896914352,2,Southern 1,14
95,12,0.0994310292522341,1,Southern 2,14
95,13,-0.04681452048055078,14,Southern 3,14
95,15,-0.04168736349935609,13,Southern 5,14
96,0,0.033164289764161047,3,Nesøy,14
96,1,-0.027042648790802537,11,Myken,14
96,2,0.0065128487513508625,7,Træna,14
96,3,-0.03898022702934548,12,Selvær,14
96,4,-0.019990239099746485,10,Gjerøy,14
96,5,-0.012803704403169136,9,Hestmannøy,14
96,6,-0.05747278596254137,15,Indre Kvarøy,14
96,7,0.016239778523894462,6,Onøy og Lurøy,14
96,8,0.017710205916214573,5,Lovund,14
96,9,0.023343274768615353,4,Sleneset,14
96,10,0.0013137981629318786,8,Aldra,14
96,11,0.04894308613729053,2,Southern 1,14
96,12,0.10012072308927927,1,Southern 2,14
96,13,-0.04680826294680044,14,Southern 3,14
96,15,-0.04160948547051052,13,Southern 5,14
97,0,0.032961862080447796,3,Nesøy,14
97,1,-0.027117000548482165,11,Myken,14
97,2,0.006530303365410495,7,Træna,14
97,3,-0.03871258562460784,12,Selvær,14
97,4,-0.019842406816139958,10,Gjerøy,14
97,5,-0.01320974456515149,9,Hestmannøy,14
97,6,-0.057369067898649484,15,Indre Kvarøy,14
97,7,0.016279272331675556,6,Onøy og Lurøy,14
97,8,0.017872385234178816,5,Lovund,14
97,9,0.023394827953746717,4,Sleneset,14
97,10,0.0013625388680251686,8,Aldra,14
97,11,0.049064674160206156,2,Southern 1,14
97,12,0.09973501832538956,1,Southern 2,14
97,13,-0.046536227120065096,14,Southern 3,14
97,15,-0.04177319833516221,13,Southern 5,14
98,0,0.032765889154855704,3,Nesøy,14
98,1,-0.02695014427669761,11,Myken,14
98,2,0.0065327684252615365,7,Træna,14
98,3,-0.03846200876536041,12,Selvær,14
98,4,-0.019720151299472855,10,Gjerøy,14
98,5,-0.013273637473180068,9,Hestmannøy,14
98,6,-0.05703283051905877,15,Indre Kvarøy,14
98,7,0.016218674892459865,6,Onøy og Lurøy,14
98,8,0.017787422169731743,5,Lovund,14
98,9,0.02328761973021127,4,Sleneset,14
98,10,0.0013491420019376464,8,Aldra,14
98,11,0.04923438194560956,2,Southern 1,14
98,12,0.09932588354878603,1,Southern 2,14
98,13,-0.046272424968544244,14,Southern 3,14
98,15,-0.04214993315571738,13,Southern 5,14
99,0,0.03360038560232105,3,Nesøy,14
99,1,-0.026765047945689468,11,Myken,14
99,2,0.006517551986285253,7,Træna,14
99,3,-0.038288272188800425,12,Selvær,14
99,4,-0.020690759234633545,10,Gjerøy,14
99,5,-0.013226941591256909,9,Hestmannøy,14
99,6,-0.05681620221599512,15,Indre Kvarøy,14
99,7,0.01616614878464212,6,Onøy og Lurøy,14
99,8,0.017880723090227937,5,Lovund,14
99,9,0.023247213352204733,4,Sleneset,14
99,10,0.0013476160918379431,8,Aldra,14
99,11,0.04896681781327607,2,Southern 1,14
99,12,0.09903573895903017,1,Southern 2,14
99,13,-0.046293309607198824,14,Southern 3,14
99,15,-0.04204101148542897,13,Southern 5,14
100,0,0.03341612466737563,3,Nesøy,14
100,1,-0.026614280736934483,11,Myken,14
100,2,0.006511817497493144,7,Træna,14
100,3,-0.03941620528784036,12,Selvær,14
100,4,-0.02095045220216286,10,Gjerøy,14
100,5,-0.013136560704254046,9,Hestmannøy,14
100,6,-0.056623979811613115,15,Indre Kvarøy,14
100,7,0.01645271305409393,6,Onøy og Lurøy,14
100,8,0.01778825287658599,5,Lovund,14
100,9,0.024054202650208377,4,Sleneset,14
100,10,0.0013269228259001086,8,Aldra,14
100,11,0.04915709359341846,2,Southern 1,14
100,12,0.09873899182543613,1,Southern 2,14
100,13,-0.046049391119420816,14,Southern 3,14
100,15,-0.04201459771746409,13,Southern 5,14
101,0,0.033477873243849855,3,Nesøy,14
101,1,-0.026649933882624984,11,Myken,14
101,2,0.006585332708859942,7,Træna,14
101,3,-0.03930957196471783,12,Selvær,14
101,4,-0.020824355207452117,10,Gjerøy,14
101,5,-0.013523224460800615,9,Hestmannøy,14
101,6,-0.0567288245386968,15,Indre Kvarøy,14
101,7,0.016414823018693875,6,Onøy og Lurøy,14
101,8,0.01790207652674374,5,Lovund,14
101,9,0.02412548443443929,4,Sleneset,14
101,10,0.0013569472858593259,8,Aldra,14
101,11,0.04897445993258314,2,Southern 1,14
101,12,0.09878195215069509,1,Southern 2,14
101,13,-0.04600800783786067,14,Southern 3,14
101,15,-0.041934379998749216,13,Southern 5,14
102,0,0.033374679063894554,3,Nesøy,14
102,1,-0.026507638851860835,11,Myken,14
102,2,0.006493849736258244,7,Træna,14
102,3,-0.03904800486239419,12,Selvær,14
102,4,-0.02033443123091064,10,Gjerøy,14
102,5,-0.013539732911806759,9,Hestmannøy,14
102,6,-0.05769410942941402,15,Indre Kvarøy,14
102,7,0.016361284236398124,6,Onøy og Lurøy,14
102,8,0.01783016393543849,5,Lovund,14
102,9,0.024013832472740262,4,Sleneset,14
102,10,0.0013451802565596482,8,Aldra,14
102,11,0.048603450116909246,2,Southern 1,14
102,12,0.09936444740786451,1,Southern 2,14
102,13,-0.0457729119233957,14,Southern 3,14
102,15,-0.04184940660545893,13,Southern 5,14
103,0,0.03315562589815688,3,Nesøy,14
103,1,-0.02662678319065085,11,Myken,14
103,2,0.006493052041285489,7,Træna,14
103,3,-0.038902055157817465,12,Selvær,14
103,4,-0.020322479030981243,10,Gjerøy,14
103,5,-0.013518363360393106,9,Hestmannøy,14
103,6,-0.05735985337820331,15,Indre Kvarøy,14
103,7,0.016375118904806824,6,Onøy og Lurøy,14
103,8,0.017732994614636212,5,Lovund,14
103,9,0.023920998413056005,4,Sleneset,14
103,10,0.0013278520193860195,8,Aldra,14
103,11,0.04907678244005832,2,Southern 1,14
103,12,0.0990573426727157,1,Southern 2,14
103,13,-0.045562468033423946,14,Southern 3,14
103,15,-0.04220711344180951,13,Southern 5,14
104,0,0.03296690646109745,3,Nesøy,14
104,1,-0.026501262930444986,11,Myken,14
104,2,0.006382216925113184,7,Træna,14
104,3,-0.0386455275235638,12,Selvær,14
104,4,-0.020204842466031596,10,Gjerøy,14
104,5,-0.01350596555579371,9,Hestmannøy,14
104,6,-0.05729641081209484,15,Indre Kvarøy,14
104,7,0.016595795558474746,6,Onøy og Lurøy,14
104,8,0.017664228889304107,5,Lovund,14
104,9,0.023786935994997538,4,Sleneset,14
104,10,0.0012679357398129572,8,Aldra,14
104,11,0.048868923364027865,2,Southern 1,14
104,12,0.09885720145220114,1,Southern 2,14
104,13,-0.04532837331510093,14,Southern 3,14
104,15,-0.04226711037117713,13,Southern 5,14
105,0,0.032769950261458,3,Nesøy,14
105,1,-0.02636819871304484,11,Myken,14
105,2,0.006385870421691628,7,Træna,14
105,3,-0.0384670786406094,12,Selvær,14
105,4,-0.020047180048471055,10,Gjerøy,14
105,5,-0.013874381123028605,9,Hestmannøy,14
105,6,-0.05698258247602992,15,Indre Kvarøy,14
105,7,0.016532555623431207,6,Onøy og Lurøy,14
105,8,0.017570977232110357,5,Lovund,14
105,9,0.02366820608824559,4,Sleneset,14
105,10,0.0012524309787707924,8,Aldra,14
105,11,0.049064225280407284,2,Southern 1,14
105,12,0.0986446261341773,1,Southern 2,14
105,13,-0.04541764079058839,14,Southern 3,14
105,15,-0.042091128817697936,13,Southern 5,14
106,0,0.03272616218035733,3,Nesøy,14
106,1,-0.026197764720058126,11,Myken,14
106,2,0.006423279555599609,7,Træna,14
106,3,-0.038432868732598255,12,Selvær,14
106,4,-0.01994144287892051,10,Gjerøy,14
106,5,-0.014405357341036765,9,Hestmannøy,14
106,6,-0.056972379493274966,15,Indre Kvarøy,14
106,7,0.01674758331459007,6,Onøy og Lurøy,14
106,8,0.017675203413499024,5,Lovund,14
106,9,0.023727988690849338,4,Sleneset,14
106,10,0.0012239074890650545,8,Aldra,14
106,11,0.04897873681707747,2,Southern 1,14
106,12,0.09828578781820314,1,Southern 2,14
106,13,-0.04518182142231371,14,Southern 3,14
106,15,-0.04201636328021672,13,Southern 5,14
107,0,0.03259239804673221,3,Nesøy,14
107,1,-0.026048345456945635,11,Myken,14
107,2,0.006452942229187251,7,Træna,14
107,3,-0.03861408377039178,12,Selvær,14
107,4,-0.02031687036494408,10,Gjerøy,14
107,5,-0.014039311263912387,9,Hestmannøy,14
107,6,-0.05675230529464297,15,Indre Kvarøy,14
107,7,0.016695081926122745,6,Onøy og Lurøy,14
107,8,0.017692526100889054,5,Lovund,14
107,9,0.023674745406110444,4,Sleneset,14
107,10,0.0013782217387648876,8,Aldra,14
107,11,0.04905675056137438,2,Southern 1,14
107,12,0.09799197141363901,1,Southern 2,14
107,13,-0.04533864578286419,14,Southern 3,14
107,15,-0.041784424078296946,13,Southern 5,14
108,0,0.03241763340291483,3,Nesøy,14
108,1,-0.025973952550813,11,Myken,14
108,2,0.00645256023775093,7,Træna,14
108,3,-0.03842351739817836,12,Selvær,14
108,4,-0.020324074810918538,10,Gjerøy,14
108,5,-0.014054175842270459,9,Hestmannøy,14
108,6,-0.056474820044029435,15,Indre Kvarøy,14
108,7,0.01666062512190854,6,Onøy og Lurøy,14
108,8,0.017610237922894633,5,Lovund,14
108,9,0.023827283235831345,4,Sleneset,14
108,10,0.0013588119173721252,8,Aldra,14
108,11,0.048786470303491654,2,Southern 1,14
108,12,0.09858431370591783,1,Southern 2,14
108,13,-0.04611453566902735,14,Southern 3,14
108,15,-0.04169220812202274,13,Southern 5,14
109,0,0.03225520650374393,3,Nesøy,14
109,1,-0.025853737580433023,11,Myken,14
109,2,0.00662879075603541,7,Træna,14
109,3,-0.03841241981027144,12,Selvær,14
109,4,-0.020172506436954188,10,Gjerøy,14
109,5,-0.013901202605467039,9,Hestmannøy,14
109,6,-0.057380444478413145,15,Indre Kvarøy,14
109,7,0.01676195169375099,6,Onøy og Lurøy,14
109,8,0.01770433539915788,5,Lovund,14
109,9,0.023801534830450496,4,Sleneset,14
109,10,0.001322826631745446,8,Aldra,14
109,11,0.04902301831902583,2,Southern 1,14
109,12,0.09829314965843089,1,Southern 2,14
109,13,-0.046124213440686464,14,Southern 3,14
109,15,-0.041305638029293566,13,Southern 5,14
110,0,0.03219006236918965,3,Nesøy,14
110,1,-0.02626735759375507,11,Myken,14
110,2,0.006672369224098506,7,Træna,14
110,3,-0.03916270146526331,12,Selvær,14
110,4,-0.020102066820641324,10,Gjerøy,14
110,5,-0.01372163555512325,9,Hestmannøy,14
110,6,-0.057069915736778026,15,Indre Kvarøy,14
110,7,0.01722815306840299,6,Onøy og Lurøy,14
110,8,0.017663824114014657,5,Lovund,14
110,9,0.02425613872216596,4,Sleneset,14
110,10,0.0012733375130679165,8,Aldra,14
110,11,0.04882970114449556,2,Southern 1,14
110,12,0.09839797202736453,1,Southern 2,14
110,13,-0.046311791965540125,14,Southern 3,14
110,15,-0.04123543763487665,13,Southern 5,14
111,0,0.032118597538300764,3,Nesøy,14
111,1,-0.026249573833776248,11,Myken,14
111,2,0.006661248634072894,7,Træna,14
111,3,-0.038965197866166444,12,Selvær,14
111,4,-0.02037878906459489,10,Gjerøy,14
111,5,-0.013579263546245375,9,Hestmannøy,14
111,6,-0.05699862420756921,15,Indre Kvarøy,14
111,7,0.017193415613218774,6,Onøy og Lurøy,14
111,8,0.01759069060774755,5,Lovund,14
111,9,0.024357712075048783,4,Sleneset,14
111,10,0.0012295961817156546,8,Aldra,14
111,11,0.04872393588296011,2,Southern 1,14
111,12,0.09853391995875677,1,Southern 2,14
111,13,-0.04621296629975788,14,Southern 3,14
111,15,-0.04138405026288925,13,Southern 5,14
112,0,0.032862012180404555,3,Nesøy,14
112,1,-0.02717410168344984,11,Myken,14
112,2,0.0066564678690958275,7,Træna,14
112,3,-0.03873353548137741,12,Selvær,14
112,4,-0.020170194684425016,10,Gjerøy,14
112,5,-0.013355427044877521,9,Hestmannøy,14
112,6,-0.05750928658503344,15,Indre Kvarøy,14
112,7,0.017133605122542788,6,Onøy og Lurøy,14
112,8,0.01768167585920762,5,Lovund,14
112,9,0.024273599656700458,4,Sleneset,14
112,10,0.0013448488475179972,8,Aldra,14
112,11,0.04874363710439659,2,Southern 1,14
112,12,0.09821272607745411,1,Southern 2,14
112,13,-0.0459826789913089,14,Southern 3,14
112,15,-0.04134269683602582,13,Southern 5,14
113,0,0.03267992805048022,3,Nesøy,14
113,1,-0.02702225436874305,11,Myken,14
113,2,0.0066027886635132435,7,Træna,14
113,3,-0.03852849287822425,12,Selvær,14
113,4,-0.020066295636413937,10,Gjerøy,14
113,5,-0.01317320194293773,9,Hestmannøy,14
113,6,-0.05730907102494065,15,Indre Kvarøy,14
113,7,0.01707008297436899,6,Onøy og Lurøy,14
113,8,0.017792173193198667,5,Lovund,14
113,9,0.024242063296644644,4,Sleneset,14
113,10,0.0013399843863375034,8,Aldra,14
113,11,0.04886428314823573,2,Southern 1,14
113,12,0.09792864437379013,1,Southern 2,14
113,13,-0.0461067484671029,14,Southern 3,14
113,15,-0.041673232357384606,13,Southern 5,14
114,0,0.03259834736634237,3,Nesøy,14
114,1,-0.02689685111439792,11,Myken,14
114,2,0.006601112334482992,7,Træna,14
114,3,-0.03831368797947085,12,Selvær,14
114,4,-0.020098336483304637,10,Gjerøy,14
114,5,-0.01313796662563044,9,Hestmannøy,14
114,6,-0.057086846630898136,15,Indre Kvarøy,14
114,7,0.016994342948468685,6,Onøy og Lurøy,14
114,8,0.017670708429062862,5,Lovund,14
114,9,0.024110518055249754,4,Sleneset,14
114,10,0.0013348378313247052,8,Aldra,14
114,11,0.04841325303815935,2,Southern 1,14
114,12,0.09803913609868985,1,Southern 2,14
114,13,-0.04587497829020158,14,Southern 3,14
114,15,-0.04171293756705497,13,Southern 5,14
115,0,0.032486683186746294,3,Nesøy,14
115,1,-0.02673660557971332,11,Myken,14
115,2,0.006604116053041103,7,Træna,14
115,3,-0.03849595950983397,12,Selvær,14
115,4,-0.020365466043445354,10,Gjerøy,14
115,5,-0.012940066437942417,9,Hestmannøy,14
115,6,-0.05679681262821109,15,Indre Kvarøy,14
115,7,0.01691093222799896,6,Onøy og Lurøy,14
115,8,0.017811883458923917,5,Lovund,14
115,9,0.02414330256532692,4,Sleneset,14
115,10,0.0013287858063808747,8,Aldra,14
115,11,0.048123847915508416,2,Southern 1,14
115,12,0.09790616991531331,1,Southern 2,14
115,13,-0.04565197309128845,14,Southern 3,14
115,15,-0.041688186427983186,13,Southern 5,14
116,0,0.033201289689049555,3,Nesøy,14
116,1,-0.027625054609174575,11,Myken,14
116,2,0.006639821480285387,7,Træna,14
116,3,-0.0382695660278246,12,Selvær,14
116,4,-0.020238724188533078,10,Gjerøy,14
116,5,-0.012884940654488105,9,Hestmannøy,14
116,6,-0.05748472347235153,15,Indre Kvarøy,14
116,7,0.016936336755075592,6,Onøy og Lurøy,14
116,8,0.017740625885298414,5,Lovund,14
116,9,0.02446204338619061,4,Sleneset,14
116,10,0.0013141181500506195,8,Aldra,14
116,11,0.04838842086803472,2,Southern 1,14
116,12,0.09773806166385271,1,Southern 2,14
116,13,-0.045616798823367805,14,Southern 3,14
116,15,-0.0416602586912759,13,Southern 5,14
117,0,0.03307090605919933,3,Nesøy,14
117,1,-0.027507072135106513,11,Myken,14
117,2,0.006636917428981283,7,Træna,14
117,3,-0.03808052184566935,12,Selvær,14
117,4,-0.020262456621412007,10,Gjerøy,14
117,5,-0.012992372060561985,9,Hestmannøy,14
117,6,-0.057223209001963975,15,Indre Kvarøy,14
117,7,0.016876531671035633,6,Onøy og Lurøy,14
117,8,0.01761286001518997,5,Lovund,14
117,9,0.02436330239903842,4,Sleneset,14
117,10,0.0013094579193944325,8,Aldra,14
117,11,0.04843230225281298,2,Southern 1,14
117,12,0.09740165867430114,1,Southern 2,14
117,13,-0.04542537389155267,14,Southern 3,14
117,15,-0.0415722794528647,13,Southern 5,14
118,0,0.03314420317405376,3,Nesøy,14
118,1,-0.028795210354360643,11,Myken,14
118,2,0.00671590730116612,7,Træna,14
118,3,-0.03812874636208623,12,Selvær,14
118,4,-0.02021475659743023,10,Gjerøy,14
118,5,-0.012839508990354917,9,Hestmannøy,14
118,6,-0.05702302444300094,15,Indre Kvarøy,14
118,7,0.016817879727881967,6,Onøy og Lurøy,14
118,8,0.01778564038261958,5,Lovund,14
118,9,0.02444273910689362,4,Sleneset,14
118,10,0.0012945584419355447,8,Aldra,14
118,11,0.04874990708966391,2,Southern 1,14
118,12,0.09715232885149445,1,Southern 2,14
118,13,-0.04491968263238056,14,Southern 3,14
118,15,-0.04154158328527341,13,Southern 5,14
119,0,0.03296780198846493,3,Nesøy,14
119,1,-0.028768567584732334,11,Myken,14
119,2,0.006714915825767873,7,Træna,14
119,3,-0.03796669802574155,12,Selvær,14
119,4,-0.0201392770708318,10,Gjerøy,14
119,5,-0.012972023437495237,9,Hestmannøy,14
119,6,-0.05691495274872638,15,Indre Kvarøy,14
119,7,0.016809420691451492,6,Onøy og Lurøy,14
119,8,0.017748978556227733,5,Lovund,14
119,9,0.02433170051501471,4,Sleneset,14
119,10,0.0013041069042242866,8,Aldra,14
119,11,0.04864238475036613,2,Southern 1,14
119,12,0.09726470172679583,1,Southern 2,14
119,13,-0.044938499130929906,14,Southern 3,14
119,15,-0.04144334154903375,13,Southern 5,14
120,0,0.03280299123055749,3,Nesøy,14
120,1,-0.030024724371585345,11,Myken,14
120,2,0.006771519935450515,7,Træna,14
120,3,-0.037752168718822345,12,Selvær,14
120,4,-0.019341252500634547,10,Gjerøy,14
120,5,-0.012977890138701487,9,Hestmannøy,14
120,6,-0.056631719603853686,15,Indre Kvarøy,14
120,7,0.01682123680941757,6,Onøy og Lurøy,14
120,8,0.017909074973550466,5,Lovund,14
120,9,0.02422032648657026,4,Sleneset,14
120,10,0.0012935621135300459,8,Aldra,14
120,11,0.0487676988925088,2,Southern 1,14
120,12,0.09697878896100648,1,Southern 2,14
120,13,-0.04476717840170912,14,Southern 3,14
120,15,-0.0414296142564631,13,Southern 5,14
121,0,0.03272094813418598,3,Nesøy,14
121,1,-0.029899932628459414,11,Myken,14
121,2,0.0067636507207253305,7,Træna,14
121,3,-0.037557847831935526,12,Selvær,14
121,4,-0.019344214247333066,10,Gjerøy,14
121,5,-0.013003450895611699,9,Hestmannøy,14
121,6,-0.05637485821300636,15,Indre Kvarøy,14
121,7,0.01676857676440102,6,Onøy og Lurøy,14
121,8,0.017834069192393803,5,Lovund,14
121,9,0.02412193504794467,4,Sleneset,14
121,10,0.0014294461638888654,8,Aldra,14
121,11,0.048600624692486355,2,Southern 1,14
121,12,0.09672258391337836,1,Southern 2,14
121,13,-0.04456596856164105,14,Southern 3,14
121,15,-0.041574910840595274,13,Southern 5,14
122,0,0.033398489849921546,3,Nesøy,14
122,1,-0.029777264475566324,11,Myken,14
122,2,0.006740712279506992,7,Træna,14
122,3,-0.037348538841040474,12,Selvær,14
122,4,-0.019210875577800338,10,Gjerøy,14
122,5,-0.012962318392637088,9,Hestmannøy,14
122,6,-0.05749184717382742,15,Indre Kvarøy,14
122,7,0.016720418960722343,6,Onøy og Lurøy,14
122,8,0.017762557335309837,5,Lovund,14
122,9,0.0240570195104201,4,Sleneset,14
122,10,0.0014190139026872537,8,Aldra,14
122,11,0.0487538550486747,2,Southern 1,14
122,12,0.09651530022770802,1,Southern 2,14
122,13,-0.044433485609163624,14,Southern 3,14
122,15,-0.041502385634093523,13,Southern 5,14
123,0,0.03323497578235526,3,Nesøy,14
123,1,-0.029721823836944602,11,Myken,14
123,2,0.006735367632320872,7,Træna,14
123,3,-0.03718959710968201,12,Selvær,14
123,4,-0.019186706106230963,10,Gjerøy,14
123,5,-0.012890989404818661,9,Hestmannøy,14
123,6,-0.057413906196974916,15,Indre Kvarøy,14
123,7,0.01668266677462174,6,Onøy og Lurøy,14
123,8,0.01773213999082355,5,Lovund,14
123,9,0.023964014052181556,4,Sleneset,14
123,10,0.0013975759272438259,8,Aldra,14
123,11,0.048602634604410125,2,Southern 1,14
123,12,0.09673849941703083,1,Southern 2,14
123,13,-0.04423945004958794,14,Southern 3,14
123,15,-0.041804750065926655,13,Southern 5,14
124,0,0.03306035373620894,3,Nesøy,14
124,1,-0.02957863292752949,11,Myken,14
124,2,0.006711542240993321,7,Træna,14
124,3,-0.03703954185555768,12,Selvær,14
124,4,-0.01918197848442017,10,Gjerøy,14
124,5,-0.012873520781130476,9,Hestmannøy,14
124,6,-0.057138167299406975,15,Indre Kvarøy,14
124,7,0.01663314415905835,6,Onøy og Lurøy,14
124,8,0.01764369353886657,5,Lovund,14
124,9,0.023855907304657472,4,Sleneset,14
124,10,0.0013809915601571755,8,Aldra,14
124,11,0.048380337847666356,2,Southern 1,14
124,12,0.09695809861942907,1,Southern 2,14
124,13,-0.044069338596085396,14,Southern 3,14
124,15,-0.04210223765208505,13,Southern 5,14
125,0,0.03291616120984623,3,Nesøy,14
125,1,-0.029448442458371738,11,Myken,14
125,2,0.006710413384416919,7,Træna,14
125,3,-0.03687108368529028,12,Selvær,14
125,4,-0.0191058108589179,10,Gjerøy,14
125,5,-0.013068602329157164,9,Hestmannøy,14
125,6,-0.057038690447076976,15,Indre Kvarøy,14
125,7,0.016579723824817108,6,Onøy og Lurøy,14
125,8,0.01756856075515616,5,Lovund,14
125,9,0.023768978705508866,4,Sleneset,14
125,10,0.0015118278853314957,8,Aldra,14
125,11,0.048221708910403366,2,Southern 1,14
125,12,0.09682071662462648,1,Southern 2,14
125,13,-0.043912532845416255,14,Southern 3,14
125,15,-0.0420122772650543,13,Southern 5,14
126,0,0.032765717842544735,3,Nesøy,14
126,1,-0.02929716934973737,11,Myken,14
126,2,0.006575051199096908,7,Træna,14
126,3,-0.036685112945794025,12,Selvær,14
126,4,-0.01901979136176418,10,Gjerøy,14
126,5,-0.013033575339447252,9,Hestmannøy,14
126,6,-0.056817438747636895,15,Indre Kvarøy,14
126,7,0.016599787537264887,6,Onøy og Lurøy,14
126,8,0.017548726977376153,5,Lovund,14
126,9,0.023725971096984703,4,Sleneset,14
126,10,0.0015252874115889495,8,Aldra,14
126,11,0.048371567016444725,2,Southern 1,14
126,12,0.096582833417525,1,Southern 2,14
126,13,-0.044257494339799267,14,Southern 3,14
126,15,-0.04194370900382507,13,Southern 5,14
127,0,0.032638323421236105,3,Nesøy,14
127,1,-0.029365088102652096,11,Myken,14
127,2,0.006593159382657372,7,Træna,14
127,3,-0.03651637811045189,12,Selvær,14
127,4,-0.018953019198417315,10,Gjerøy,14
127,5,-0.012817903022821186,9,Hestmannøy,14
127,6,-0.05669279457714407,15,Indre Kvarøy,14
127,7,0.016587634996548084,6,Onøy og Lurøy,14
127,8,0.01794781410936501,5,Lovund,14
127,9,0.02366669611872236,4,Sleneset,14
127,10,0.0015121824075147571,8,Aldra,14
127,11,0.0482249521051386,2,Southern 1,14
127,12,0.09682305396012057,1,Southern 2,14
127,13,-0.04514755670671773,14,Southern 3,14
127,15,-0.04186042537227656,13,Southern 5,14
128,0,0.032484219959662074,3,Nesøy,14
128,1,-0.029220908944753574,11,Myken,14
128,2,0.006580511525553366,7,Træna,14
128,3,-0.03633147305076373,12,Selvær,14
128,4,-0.019201966203894423,10,Gjerøy,14
128,5,-0.012811757874750118,9,Hestmannøy,14
128,6,-0.05660224052341499,15,Indre Kvarøy,14
128,7,0.016508570288165447,6,Onøy og Lurøy,14
128,8,0.017881925667032093,5,Lovund,14
128,9,0.02357480984203016,4,Sleneset,14
128,10,0.0015663183591981713,8,Aldra,14
128,11,0.04805631722597544,2,Southern 1,14
128,12,0.09702644617378878,1,Southern 2,14
128,13,-0.04495117796715524,14,Southern 3,14
128,15,-0.04191894306585144,13,Southern 5,14
129,0,0.0325815919076077,3,Nesøy,14
129,1,-0.02927260059586466,11,Myken,14
129,2,0.006576023340703318,7,Træna,14
129,3,-0.036494706350410334,12,Selvær,14
129,4,-0.019447053565875762,10,Gjerøy,14
129,5,-0.012630225555740155,9,Hestmannøy,14
129,6,-0.056377780576996606,15,Indre Kvarøy,14
129,7,0.016489027478384315,6,Onøy og Lurøy,14
129,8,0.01789132105982261,5,Lovund,14
129,9,0.023487450158953996,4,Sleneset,14
129,10,0.0015553911649198308,8,Aldra,14
129,11,0.04795006370370309,2,Southern 1,14
129,12,0.09700308598808335,1,Southern 2,14
129,13,-0.044871043874994514,14,Southern 3,14
129,15,-0.04179989287147417,13,Southern 5,14
130,0,0.03245555815882707,3,Nesøy,14
130,1,-0.02921175853309399,11,Myken,14
130,2,0.0065731885438359535,7,Træna,14
130,3,-0.03635015604371606,12,Selvær,14
130,4,-0.019307073760823783,10,Gjerøy,14
130,5,-0.012766055860616077,9,Hestmannøy,14
130,6,-0.05616626056326537,15,Indre Kvarøy,14
130,7,0.016664692581521902,6,Onøy og Lurøy,14
130,8,0.017916903865806296,5,Lovund,14
130,9,0.023425994990777212,4,Sleneset,14
130,10,0.0015446320813226953,8,Aldra,14
130,11,0.047753275543231034,2,Southern 1,14
130,12,0.09695862814832522,1,Southern 2,14
130,13,-0.04468113820457087,14,Southern 3,14
130,15,-0.04216977953673921,13,Southern 5,14
131,0,0.03250733954916066,3,Nesøy,14
131,1,-0.02925181141998012,11,Myken,14
131,2,0.006542445253718681,7,Træna,14
131,3,-0.03620697818662336,12,Selvær,14
131,4,-0.019269994226356727,10,Gjerøy,14
131,5,-0.013066998946530897,9,Hestmannøy,14
131,6,-0.056012015642480005,15,Indre Kvarøy,14
131,7,0.016594498998963675,6,Onøy og Lurøy,14
131,8,0.017872818373107783,5,Lovund,14
131,9,0.023353809687590214,4,Sleneset,14
131,10,0.0015400416985899043,8,Aldra,14
131,11,0.04764186586940226,2,Southern 1,14
131,12,0.09710533418883206,1,Southern 2,14
131,13,-0.04457107353062668,14,Southern 3,14
131,15,-0.04213863025594542,13,Southern 5,14
132,0,0.03241779788543403,3,Nesøy,14
132,1,-0.02992960911081279,11,Myken,14
132,2,0.006513617872852043,7,Træna,14
132,3,-0.0360855000107627,12,Selvær,14
132,4,-0.01920927187602476,10,Gjerøy,14
132,5,-0.012948158750198828,9,Hestmannøy,14
132,6,-0.055892388486711166,15,Indre Kvarøy,14
132,7,0.016906082391290652,6,Onøy og Lurøy,14
132,8,0.01806416738359763,5,Lovund,14
132,9,0.023736038121162647,4,Sleneset,14
132,10,0.0015146457041284019,8,Aldra,14
132,11,0.04779462997181258,2,Southern 1,14
132,12,0.09687610766111243,1,Southern 2,14
132,13,-0.04500326996674489,14,Southern 3,14
132,15,-0.04211423737931326,13,Southern 5,14
133,0,0.03226499363034671,3,Nesøy,14
133,1,-0.029768248250022233,11,Myken,14
133,2,0.006508032926374756,7,Træna,14
133,3,-0.03602870950460095,12,Selvær,14
133,4,-0.019182148953738765,10,Gjerøy,14
133,5,-0.013142352078539383,9,Hestmannøy,14
133,6,-0.05574324292744089,15,Indre Kvarøy,14
133,7,0.016848192665496777,6,Onøy og Lurøy,14
133,8,0.01799214156123794,5,Lovund,14
133,9,0.023647018517579527,4,Sleneset,14
133,10,0.0015151828453155531,8,Aldra,14
133,11,0.04772290453023139,2,Southern 1,14
133,12,0.09697872866375337,1,Southern 2,14
133,13,-0.04495480154447482,14,Southern 3,14
133,15,-0.04201704067069696,13,Southern 5,14
134,0,0.03215813849128869,3,Nesøy,14
134,1,-0.029738211989191247,11,Myken,14
134,2,0.0065196899806833335,7,Træna,14
134,3,-0.03586107235377058,12,Selvær,14
134,4,-0.01921548035658344,10,Gjerøy,14
134,5,-0.01306201097294831,9,Hestmannøy,14
134,6,-0.05579597301514996,15,Indre Kvarøy,14
134,7,0.016864072906203644,6,Onøy og Lurøy,14
134,8,0.01797103474001427,5,Lovund,14
134,9,0.023619496853729927,4,Sleneset,14
134,10,0.0014714730826418574,8,Aldra,14
134,11,0.04776618541349154,2,Southern 1,14
134,12,0.09675386824484357,1,Southern 2,14
134,13,-0.04481413862066529,14,Southern 3,14
134,15,-0.04199642099376598,13,Southern 5,14
135,0,0.032134528004493956,3,Nesøy,14
135,1,-0.030106635897118875,11,Myken,14
135,2,0.006518889959745416,7,Træna,14
135,3,-0.035899061475196704,12,Selvær,14
135,4,-0.019417610488979675,10,Gjerøy,14
135,5,-0.013026490679697375,9,Hestmannøy,14
135,6,-0.05559518882440492,15,Indre Kvarøy,14
135,7,0.016987453386231484,6,Onøy og Lurøy,14
135,8,0.018343344058532392,5,Lovund,14
135,9,0.023543561933025092,4,Sleneset,14
135,10,0.0013618502632946957,8,Aldra,14
135,11,0.0476562441617193,2,Southern 1,14
135,12,0.0968635180189521,1,Southern 2,14
135,13,-0.044880121813522085,14,Southern 3,14
135,15,-0.04184362919625276,13,Southern 5,14
136,0,0.03208485714237652,3,Nesøy,14
136,1,-0.030079504352882737,11,Myken,14
136,2,0.0065590763885183465,7,Træna,14
136,3,-0.035749403336068755,12,Selvær,14
136,4,-0.019353955824108315,10,Gjerøy,14
136,5,-0.012857895422222376,9,Hestmannøy,14
136,6,-0.056391037330835045,15,Indre Kvarøy,14
136,7,0.017045878926763677,6,Onøy og Lurøy,14
136,8,0.018710178240013482,5,Lovund,14
136,9,0.023536907742624097,4,Sleneset,14
136,10,0.0013533698002459,8,Aldra,14
136,11,0.04752369829821748,2,Southern 1,14
136,12,0.09696948389721712,1,Southern 2,14
136,13,-0.044944409896601416,14,Southern 3,14
136,15,-0.04176659286243594,13,Southern 5,14
137,0,0.03193936520768022,3,Nesøy,14
137,1,-0.029940188491375207,11,Myken,14
137,2,0.006679010056653824,7,Træna,14
137,3,-0.035843188350899106,12,Selvær,14
137,4,-0.01928950734141574,10,Gjerøy,14
137,5,-0.012875479393756507,9,Hestmannøy,14
137,6,-0.05621529905851941,15,Indre Kvarøy,14
137,7,0.01701522267903293,6,Onøy og Lurøy,14
137,8,0.018633129565311587,5,Lovund,14
137,9,0.02345967056370368,4,Sleneset,14
137,10,0.0013671580061977494,8,Aldra,14
137,11,0.04810531442376996,2,Southern 1,14
137,12,0.09684848580397586,1,Southern 2,14
137,13,-0.04555893795201663,14,Southern 3,14
137,15,-0.04168410430752117,13,Southern 5,14
138,0,0.03184973054136125,3,Nesøy,14
138,1,-0.029784597376406315,11,Myken,14
138,2,0.006641987441598004,7,Træna,14
138,3,-0.03569174693663352,12,Selvær,14
138,4,-0.019585323838097093,10,Gjerøy,14
138,5,-0.012890070685222512,9,Hestmannøy,14
138,6,-0.05615273963237988,15,Indre Kvarøy,14
138,7,0.016965748824437674,6,Onøy og Lurøy,14
138,8,0.018564370081177943,5,Lovund,14
138,9,0.023375217882524977,4,Sleneset,14
138,10,0.0014857694134495572,8,Aldra,14
138,11,0.04818219503553202,2,Southern 1,14
138,12,0.09669293650267809,1,Southern 2,14
138,13,-0.045377306760969266,14,Southern 3,14
138,15,-0.04163551908222888,13,Southern 5,14
139,0,0.03170802357407795,3,Nesøy,14
139,1,-0.03086173971187889,11,Myken,14
139,2,0.006631247824749063,7,Træna,14
139,3,-0.03553182431142381,12,Selvær,14
139,4,-0.019520850599457865,10,Gjerøy,14
139,5,-0.012819315179866128,9,Hestmannøy,14
139,6,-0.0563142853138508,15,Indre Kvarøy,14
139,7,0.01709040041526898,6,Onøy og Lurøy,14
139,8,0.01856073769099725,5,Lovund,14
139,9,0.02330281592039192,4,Sleneset,14
139,10,0.001451191087831168,8,Aldra,14
139,11,0.04856276957957341,2,Southern 1,14
139,12,0.09654068617998274,1,Southern 2,14
139,13,-0.04526951532947733,14,Southern 3,14
139,15,-0.04088969041609563,13,Southern 5,14
140,0,0.031576700452380306,3,Nesøy,14
140,1,-0.03192349429970185,11,Myken,14
140,2,0.0066197306324120705,7,Træna,14
140,3,-0.03536533400345247,12,Selvær,14
140,4,-0.01949513449608831,10,Gjerøy,14
140,5,-0.012937110473570292,9,Hestmannøy,14
140,6,-0.0561132160035192,15,Indre Kvarøy,14
140,7,0.018034230236252828,6,Onøy og Lurøy,14
140,8,0.018509741584595764,5,Lovund,14
140,9,0.023211101708023776,4,Sleneset,14
140,10,0.001451817330909908,8,Aldra,14
140,11,0.04875865225952938,2,Southern 1,14
140,12,0.0962601929699763,1,Southern 2,14
140,13,-0.04511779478896529,14,Southern 3,14
140,15,-0.04082943169796088,13,Southern 5,14
141,0,0.03217105745239126,3,Nesøy,14
141,1,-0.03178955448233856,11,Myken,14
141,2,0.006122640597463247,7,Træna,14
141,3,-0.03543942975494962,12,Selvær,14
141,4,-0.019745007093496313,10,Gjerøy,14
141,5,-0.012856860870627798,9,Hestmannøy,14
141,6,-0.0559065053816672,15,Indre Kvarøy,14
141,7,0.017988342371523008,6,Onøy og Lurøy,14
141,8,0.018472639974025883,5,Lovund,14
141,9,0.02313739546867447,4,Sleneset,14
141,10,0.001447985320265782,8,Aldra,14
141,11,0.04873871502174479,2,Southern 1,14
141,12,0.09609727815575697,1,Southern 2,14
141,13,-0.045035725328853894,14,Southern 3,14
141,15,-0.04076232003908999,13,Southern 5,14
142,0,0.03203008142870528,3,Nesøy,14
142,1,-0.031672825538461596,11,Myken,14
142,2,0.006125784644197383,7,Træna,14
142,3,-0.035290705121594546,12,Selvær,14
142,4,-0.019841389080160796,10,Gjerøy,14
142,5,-0.012932004561121313,9,Hestmannøy,14
142,6,-0.055748293472456946,15,Indre Kvarøy,14
142,7,0.017947175690274122,6,Onøy og Lurøy,14
142,8,0.01844449768604971,5,Lovund,14
142,9,0.023072932359771474,4,Sleneset,14
142,10,0.0014362246786237974,8,Aldra,14
142,11,0.048772403950373994,2,Southern 1,14
142,12,0.09586740678661028,1,Southern 2,14
142,13,-0.04488291521875787,14,Southern 3,14
142,15,-0.040687722821230954,13,Southern 5,14
143,0,0.03261295524706346,3,Nesøy,14
143,1,-0.0315106200205925,11,Myken,14
143,2,0.006123976579827805,7,Træna,14
143,3,-0.03611555266948394,12,Selvær,14
143,4,-0.0196458329641075,10,Gjerøy,14
143,5,-0.01296679126074986,9,Hestmannøy,14
143,6,-0.05577023577153256,15,Indre Kvarøy,14
143,7,0.018021887581863204,6,Onøy og Lurøy,14
143,8,0.01840349496357609,5,Lovund,14
143,9,0.022994836697829858,4,Sleneset,14
143,10,0.001417132012456398,8,Aldra,14
143,11,0.048926542429290405,2,Southern 1,14
143,12,0.0956882718629829,1,Southern 2,14
143,13,-0.044950972314981526,14,Southern 3,14
143,15,-0.0405884409626202,13,Southern 5,14
144,0,0.032486668756701614,3,Nesøy,14
144,1,-0.03137604011915302,11,Myken,14
144,2,0.006123894058365903,7,Træna,14
144,3,-0.03595516001740277,12,Selvær,14
144,4,-0.01960803233982371,10,Gjerøy,14
144,5,-0.01313548517063678,9,Hestmannøy,14
144,6,-0.05559676207913163,15,Indre Kvarøy,14
144,7,0.017952945734742556,6,Onøy og Lurøy,14
144,8,0.018378547878408667,5,Lovund,14
144,9,0.022939219953180004,4,Sleneset,14
144,10,0.001530454236029251,8,Aldra,14
144,11,0.048785050611655,2,Southern 1,14
144,12,0.09544471393341897,1,Southern 2,14
144,13,-0.04478062381108215,14,Southern 3,14
144,15,-0.04054874021444988,13,Southern 5,14
145,0,0.032384658461315954,3,Nesøy,14
145,1,-0.031218057874370368,11,Myken,14
145,2,0.006123951311563473,7,Træna,14
145,3,-0.03583022179599322,12,Selvær,14
145,4,-0.019510387458155434,10,Gjerøy,14
145,5,-0.013168753548609158,9,Hestmannøy,14
145,6,-0.05621160890135704,15,Indre Kvarøy,14
145,7,0.017888230006529306,6,Onøy og Lurøy,14
145,8,0.018349341613354886,5,Lovund,14
145,9,0.022900641471393375,4,Sleneset,14
145,10,0.0016422133944493746,8,Aldra,14
145,11,0.04920238403450992,2,Southern 1,14
145,12,0.09523548241379876,1,Southern 2,14
145,13,-0.044652255137953775,14,Southern 3,14
145,15,-0.04049496657965401,13,Southern 5,14
146,0,0.03224348769102471,3,Nesøy,14
146,1,-0.0317357095530529,11,Myken,14
146,2,0.006174522939482114,7,Træna,14
146,3,-0.0356669751382837,12,Selvær,14
146,4,-0.019571006391984783,10,Gjerøy,14
146,5,-0.013118039306427182,9,Hestmannøy,14
146,6,-0.056039245658719414,15,Indre Kvarøy,14
146,7,0.01785018533796133,6,Onøy og Lurøy,14
146,8,0.018691009086824792,5,Lovund,14
146,9,0.022827896472502374,4,Sleneset,14
146,10,0.001632038715701723,8,Aldra,14
146,11,0.049315233262392476,2,Southern 1,14
146,12,0.09505230815832236,1,Southern 2,14
146,13,-0.04453219182321501,14,Southern 3,14
146,15,-0.04048286238170687,13,Southern 5,14
147,0,0.033147217206485766,3,Nesøy,14
147,1,-0.03274095902552937,11,Myken,14
147,2,0.006275381302203073,7,Træna,14
147,3,-0.03551392452079674,12,Selvær,14
147,4,-0.019490818875358952,10,Gjerøy,14
147,5,-0.012937240325453868,9,Hestmannøy,14
147,6,-0.05646475959599226,15,Indre Kvarøy,14
147,7,0.017845445532024596,6,Onøy og Lurøy,14
147,8,0.018669383902511903,5,Lovund,14
147,9,0.022756314936806476,4,Sleneset,14
147,10,0.0016220024679574406,8,Aldra,14
147,11,0.04945921365786764,2,Southern 1,14
147,12,0.09485083016244282,1,Southern 2,14
147,13,-0.044369057572456995,14,Southern 3,14
147,15,-0.040468377841889495,13,Southern 5,14
148,0,0.033127072436101725,3,Nesøy,14
148,1,-0.0327185489381417,11,Myken,14
148,2,0.006266638117082179,7,Træna,14
148,3,-0.03535655463346323,12,Selvær,14
148,4,-0.019702490612008468,10,Gjerøy,14
148,5,-0.012837178278924893,9,Hestmannøy,14
148,6,-0.05633293830457815,15,Indre Kvarøy,14
148,7,0.017964412264573133,6,Onøy og Lurøy,14
148,8,0.018646367798829472,5,Lovund,14
148,9,0.022714123487394374,4,Sleneset,14
148,10,0.0016041620124420466,8,Aldra,14
148,11,0.04965176431218749,2,Southern 1,14
148,12,0.09466148630436257,1,Southern 2,14
148,13,-0.04460647857859072,14,Southern 3,14
148,15,-0.040441185976443784,13,Southern 5,14
149,0,0.03310081365720813,3,Nesøy,14
149,1,-0.03257003827350521,11,Myken,14
149,2,0.006258094667672887,7,Træna,14
149,3,-0.0352455312558669,12,Selvær,14
149,4,-0.019641107558575906,10,Gjerøy,14
149,5,-0.012779135826656744,9,Hestmannøy,14
149,6,-0.056481974724618876,15,Indre Kvarøy,14
149,7,0.018107775208342915,6,Onøy og Lurøy,14
149,8,0.01869813201226149,5,Lovund,14
149,9,0.02268806119966551,4,Sleneset,14
149,10,0.0015783643259063198,8,Aldra,14
149,11,0.04978173660093451,2,Southern 1,14
149,12,0.09450520875546095,1,Southern 2,14
149,13,-0.04501932139452346,14,Southern 3,14
149,15,-0.04034042598288359,13,Southern 5,14
150,0,0.033000482054014145,3,Nesøy,14
150,1,-0.033549620565062464,11,Myken,14
150,2,0.006257555338599345,7,Træna,14
150,3,-0.03512143209654939,12,Selvær,14
150,4,-0.01959635040582328,10,Gjerøy,14
150,5,-0.012838013426260798,9,Hestmannøy,14
150,6,-0.05629053034929813,15,Indre Kvarøy,14
150,7,0.018079981617124662,6,Onøy og Lurøy,14
150,8,0.018643698018487753,5,Lovund,14
150,9,0.02264550503163653,4,Sleneset,14
150,10,0.0015719688047674421,8,Aldra,14
150,11,0.04967091574540602,2,Southern 1,14
150,12,0.09560615426887854,1,Southern 2,14
150,13,-0.044956401864148746,14,Southern 3,14
150,15,-0.04048326076094963,13,Southern 5,14
